date_start,date_stop,account_id,account_name,campaign_id,campaign_name,adset_id,adset_name,ad_id,ad_name,spend,impressions,reach,clicks,ctr,cpc,cpm,follows,cost_per_follow,actions_raw,cost_per_action_type_raw,age,gender,action__link_click,action__onsite_conversion.messaging_conversation_started_7d,action__onsite_conversion.messaging_first_reply,action__onsite_conversion.post_net_like,action__onsite_conversion.post_net_save,action__onsite_conversion.post_save,action__onsite_conversion.post_unlike,action__onsite_conversion.total_messaging_connection,action__page_engagement,action__post,action__post_engagement,action__post_interaction_gross,action__post_reaction,action__video_view,cost_per_action__link_click,cost_per_action__onsite_conversion.messaging_conversation_started_7d,cost_per_action__onsite_conversion.messaging_first_reply,cost_per_action__onsite_conversion.total_messaging_connection,cost_per_action__page_engagement,cost_per_action__post_engagement,cost_per_action__post_interaction_gross,cost_per_action__video_view
2026-03-08,2026-03-08,1379452680603809,TSSAds,6951024653957,1,6951024653757,New Traffic Ad set with recommended settings,6951024654157,1,0.05,14,13,1,7.142857,0.05,3.571429,0,,"[{""action_type"":""link_click"",""value"":""1""},{""action_type"":""page_engagement"",""value"":""6""},{""action_type"":""post_engagement"",""value"":""6""},{""action_type"":""video_view"",""value"":""5""}]","[{""action_type"":""video_view"",""value"":""0.01""},{""action_type"":""link_click"",""value"":""0.05""},{""action_type"":""post_engagement"",""value"":""0.008333""},{""action_type"":""page_engagement"",""value"":""0.008333""}]",18-24,female,1.0,,,,,,,,6.0,,6.0,,,5.0,0.05,,,,0.008333,0.008333,,0.01
2026-03-08,2026-03-08,1379452680603809,TSSAds,6951024653957,1,6951024653757,New Traffic Ad set with recommended settings,6951024654157,1,0.03,8,8,0,0,,3.75,0,,"[{""action_type"":""page_engagement"",""value"":""1""},{""action_type"":""post_engagement"",""value"":""1""},{""action_type"":""video_view"",""value"":""1""}]","[{""action_type"":""video_view"",""value"":""0.03""},{""action_type"":""post_engagement"",""value"":""0.03""},{""action_type"":""page_engagement"",""value"":""0.03""}]",18-24,male,,,,,,,,,1.0,,1.0,,,1.0,,,,,0.03,0.03,,0.03
2026-03-08,2026-03-08,1379452680603809,TSSAds,6951024653957,1,6951024653757,New Traffic Ad set with recommended settings,6951024654157,1,0.18,43,43,0,0,,4.186047,0,,"[{""action_type"":""page_engagement"",""value"":""14""},{""action_type"":""post_engagement"",""value"":""14""},{""action_type"":""video_view"",""value"":""14""}]","[{""action_type"":""video_view"",""value"":""0.012857""},{""action_type"":""post_engagement"",""value"":""0.012857""},{""action_type"":""page_engagement"",""value"":""0.012857""}]",25-34,female,,,,,,,,,14.0,,14.0,,,14.0,,,,,0.012857,0.012857,,0.012857
2026-03-08,2026-03-08,1379452680603809,TSSAds,6951024653957,1,6951024653757,New Traffic Ad set with recommended settings,6951024654157,1,0.22,35,35,2,5.714286,0.11,6.285714,0,,"[{""action_type"":""link_click"",""value"":""2""},{""action_type"":""page_engagement"",""value"":""15""},{""action_type"":""post_engagement"",""value"":""15""},{""action_type"":""video_view"",""value"":""13""}]","[{""action_type"":""video_view"",""value"":""0.016923""},{""action_type"":""link_click"",""value"":""0.11""},{""action_type"":""post_engagement"",""value"":""0.014667""},{""action_type"":""page_engagement"",""value"":""0.014667""}]",25-34,male,2.0,,,,,,,,15.0,,15.0,,,13.0,0.11,,,,0.014667,0.014667,,0.016923
2026-03-08,2026-03-08,1379452680603809,TSSAds,6951024653957,1,6951024653757,New Traffic Ad set with recommended settings,6951024654157,1,0.01,1,1,0,0,,10,0,,[],[],25-34,unknown,,,,,,,,,,,,,,,,,,,,,,
2026-03-08,2026-03-08,1379452680603809,TSSAds,6951024653957,1,6951024653757,New Traffic Ad set with recommended settings,6951024654157,1,0.26,43,43,0,0,,6.046512,0,,"[{""action_type"":""page_engagement"",""value"":""20""},{""action_type"":""post_engagement"",""value"":""20""},{""action_type"":""post_interaction_gross"",""value"":""1""},{""action_type"":""onsite_conversion.post_save"",""value"":""1""},{""action_type"":""onsite_conversion.post_net_save"",""value"":""1""},{""action_type"":""video_view"",""value"":""19""}]","[{""action_type"":""video_view"",""value"":""0.013684""},{""action_type"":""post_interaction_gross"",""value"":""0.26""},{""action_type"":""post_engagement"",""value"":""0.013""},{""action_type"":""page_engagement"",""value"":""0.013""}]",35-44,female,,,,,1.0,1.0,,,20.0,,20.0,1.0,,19.0,,,,,0.013,0.013,0.26,0.013684
2026-03-08,2026-03-08,1379452680603809,TSSAds,6951024653957,1,6951024653757,New Traffic Ad set with recommended settings,6951024654157,1,0.15,22,22,1,4.545455,0.15,6.818182,0,,"[{""action_type"":""link_click"",""value"":""1""},{""action_type"":""page_engagement"",""value"":""8""},{""action_type"":""post_engagement"",""value"":""8""},{""action_type"":""video_view"",""value"":""7""}]","[{""action_type"":""video_view"",""value"":""0.021429""},{""action_type"":""link_click"",""value"":""0.15""},{""action_type"":""post_engagement"",""value"":""0.01875""},{""action_type"":""page_engagement"",""value"":""0.01875""}]",35-44,male,1.0,,,,,,,,8.0,,8.0,,,7.0,0.15,,,,0.01875,0.01875,,0.021429
2026-03-08,2026-03-08,1379452680603809,TSSAds,6951024653957,1,6951024653757,New Traffic Ad set with recommended settings,6951024654157,1,0.01,1,1,0,0,,10,0,,[],[],35-44,unknown,,,,,,,,,,,,,,,,,,,,,,
2026-03-08,2026-03-08,1379452680603809,TSSAds,6951024653957,1,6951024653757,New Traffic Ad set with recommended settings,6951024654157,1,0.15,15,15,1,6.666667,0.15,10,0,,"[{""action_type"":""link_click"",""value"":""1""},{""action_type"":""page_engagement"",""value"":""10""},{""action_type"":""post_engagement"",""value"":""10""},{""action_type"":""post_interaction_gross"",""value"":""1""},{""action_type"":""onsite_conversion.post_net_like"",""value"":""1""},{""action_type"":""video_view"",""value"":""8""},{""action_type"":""post_reaction"",""value"":""1""}]","[{""action_type"":""video_view"",""value"":""0.01875""},{""action_type"":""link_click"",""value"":""0.15""},{""action_type"":""post_interaction_gross"",""value"":""0.15""},{""action_type"":""post_engagement"",""value"":""0.015""},{""action_type"":""page_engagement"",""value"":""0.015""}]",45-54,female,1.0,,,1.0,,,,,10.0,,10.0,1.0,1.0,8.0,0.15,,,,0.015,0.015,0.15,0.01875
2026-03-08,2026-03-08,1379452680603809,TSSAds,6951024653957,1,6951024653757,New Traffic Ad set with recommended settings,6951024654157,1,0.02,4,4,0,0,,5,0,,"[{""action_type"":""page_engagement"",""value"":""1""},{""action_type"":""post_engagement"",""value"":""1""},{""action_type"":""video_view"",""value"":""1""}]","[{""action_type"":""video_view"",""value"":""0.02""},{""action_type"":""post_engagement"",""value"":""0.02""},{""action_type"":""page_engagement"",""value"":""0.02""}]",45-54,male,,,,,,,,,1.0,,1.0,,,1.0,,,,,0.02,0.02,,0.02
2026-03-08,2026-03-08,1379452680603809,TSSAds,6951024653957,1,6951024653757,New Traffic Ad set with recommended settings,6951024654157,1,0.04,5,5,0,0,,8,0,,"[{""action_type"":""page_engagement"",""value"":""2""},{""action_type"":""post_engagement"",""value"":""2""},{""action_type"":""video_view"",""value"":""2""}]","[{""action_type"":""video_view"",""value"":""0.02""},{""action_type"":""post_engagement"",""value"":""0.02""},{""action_type"":""page_engagement"",""value"":""0.02""}]",55-64,female,,,,,,,,,2.0,,2.0,,,2.0,,,,,0.02,0.02,,0.02
2026-03-08,2026-03-08,1379452680603809,TSSAds,6951024653957,1,6951024653757,New Traffic Ad set with recommended settings,6951024654157,1,0.02,2,2,0,0,,10,0,,"[{""action_type"":""page_engagement"",""value"":""1""},{""action_type"":""post_engagement"",""value"":""1""},{""action_type"":""video_view"",""value"":""1""}]","[{""action_type"":""video_view"",""value"":""0.02""},{""action_type"":""post_engagement"",""value"":""0.02""},{""action_type"":""page_engagement"",""value"":""0.02""}]",55-64,male,,,,,,,,,1.0,,1.0,,,1.0,,,,,0.02,0.02,,0.02
2026-03-08,2026-03-08,1379452680603809,TSSAds,6951024653957,1,6951024653757,New Traffic Ad set with recommended settings,6951024654157,1,0.02,3,3,0,0,,6.666667,0,,"[{""action_type"":""page_engagement"",""value"":""1""},{""action_type"":""post_engagement"",""value"":""1""},{""action_type"":""video_view"",""value"":""1""}]","[{""action_type"":""video_view"",""value"":""0.02""},{""action_type"":""post_engagement"",""value"":""0.02""},{""action_type"":""page_engagement"",""value"":""0.02""}]",65+,female,,,,,,,,,1.0,,1.0,,,1.0,,,,,0.02,0.02,,0.02
2026-03-08,2026-03-08,1379452680603809,TSSAds,6951024653957,1,6953785406157,Test - New Traffic Ad set with recommended settings,6953785406357,1,0.02,7,7,0,0,,2.857143,0,,"[{""action_type"":""page_engagement"",""value"":""1""},{""action_type"":""post_engagement"",""value"":""1""},{""action_type"":""video_view"",""value"":""1""}]","[{""action_type"":""video_view"",""value"":""0.02""},{""action_type"":""post_engagement"",""value"":""0.02""},{""action_type"":""page_engagement"",""value"":""0.02""}]",18-24,female,,,,,,,,,1.0,,1.0,,,1.0,,,,,0.02,0.02,,0.02
2026-03-08,2026-03-08,1379452680603809,TSSAds,6951024653957,1,6953785406157,Test - New Traffic Ad set with recommended settings,6953785406357,1,0.04,4,4,1,25,0.04,10,0,,"[{""action_type"":""link_click"",""value"":""1""},{""action_type"":""page_engagement"",""value"":""3""},{""action_type"":""post_engagement"",""value"":""3""},{""action_type"":""video_view"",""value"":""2""}]","[{""action_type"":""video_view"",""value"":""0.02""},{""action_type"":""link_click"",""value"":""0.04""},{""action_type"":""post_engagement"",""value"":""0.013333""},{""action_type"":""page_engagement"",""value"":""0.013333""}]",18-24,male,1.0,,,,,,,,3.0,,3.0,,,2.0,0.04,,,,0.013333,0.013333,,0.02
2026-03-08,2026-03-08,1379452680603809,TSSAds,6951024653957,1,6953785406157,Test - New Traffic Ad set with recommended settings,6953785406357,1,0.26,35,35,3,8.571429,0.086667,7.428571,0,,"[{""action_type"":""link_click"",""value"":""3""},{""action_type"":""page_engagement"",""value"":""18""},{""action_type"":""post_engagement"",""value"":""18""},{""action_type"":""post_interaction_gross"",""value"":""1""},{""action_type"":""onsite_conversion.post_net_like"",""value"":""1""},{""action_type"":""video_view"",""value"":""14""},{""action_type"":""post_reaction"",""value"":""1""}]","[{""action_type"":""video_view"",""value"":""0.018571""},{""action_type"":""link_click"",""value"":""0.086667""},{""action_type"":""post_interaction_gross"",""value"":""0.26""},{""action_type"":""post_engagement"",""value"":""0.014444""},{""action_type"":""page_engagement"",""value"":""0.014444""}]",25-34,female,3.0,,,1.0,,,,,18.0,,18.0,1.0,1.0,14.0,0.086667,,,,0.014444,0.014444,0.26,0.018571
2026-03-08,2026-03-08,1379452680603809,TSSAds,6951024653957,1,6953785406157,Test - New Traffic Ad set with recommended settings,6953785406357,1,0.09,19,19,0,0,,4.736842,0,,"[{""action_type"":""page_engagement"",""value"":""6""},{""action_type"":""post_engagement"",""value"":""6""},{""action_type"":""video_view"",""value"":""6""}]","[{""action_type"":""video_view"",""value"":""0.015""},{""action_type"":""post_engagement"",""value"":""0.015""},{""action_type"":""page_engagement"",""value"":""0.015""}]",25-34,male,,,,,,,,,6.0,,6.0,,,6.0,,,,,0.015,0.015,,0.015
2026-03-08,2026-03-08,1379452680603809,TSSAds,6951024653957,1,6953785406157,Test - New Traffic Ad set with recommended settings,6953785406357,1,0.15,22,22,1,4.545455,0.15,6.818182,0,,"[{""action_type"":""link_click"",""value"":""1""},{""action_type"":""page_engagement"",""value"":""10""},{""action_type"":""post_engagement"",""value"":""10""},{""action_type"":""post_interaction_gross"",""value"":""1""},{""action_type"":""onsite_conversion.post_net_like"",""value"":""1""},{""action_type"":""video_view"",""value"":""8""},{""action_type"":""post_reaction"",""value"":""1""}]","[{""action_type"":""video_view"",""value"":""0.01875""},{""action_type"":""link_click"",""value"":""0.15""},{""action_type"":""post_interaction_gross"",""value"":""0.15""},{""action_type"":""post_engagement"",""value"":""0.015""},{""action_type"":""page_engagement"",""value"":""0.015""}]",35-44,female,1.0,,,1.0,,,,,10.0,,10.0,1.0,1.0,8.0,0.15,,,,0.015,0.015,0.15,0.01875
2026-03-08,2026-03-08,1379452680603809,TSSAds,6951024653957,1,6953785406157,Test - New Traffic Ad set with recommended settings,6953785406357,1,0.15,23,23,0,0,,6.521739,0,,"[{""action_type"":""page_engagement"",""value"":""5""},{""action_type"":""post_engagement"",""value"":""5""},{""action_type"":""video_view"",""value"":""5""}]","[{""action_type"":""video_view"",""value"":""0.03""},{""action_type"":""post_engagement"",""value"":""0.03""},{""action_type"":""page_engagement"",""value"":""0.03""}]",35-44,male,,,,,,,,,5.0,,5.0,,,5.0,,,,,0.03,0.03,,0.03
2026-03-08,2026-03-08,1379452680603809,TSSAds,6951024653957,1,6953785406157,Test - New Traffic Ad set with recommended settings,6953785406357,1,0.16,17,16,0,0,,9.411765,0,,"[{""action_type"":""page_engagement"",""value"":""8""},{""action_type"":""post_engagement"",""value"":""8""},{""action_type"":""video_view"",""value"":""8""}]","[{""action_type"":""video_view"",""value"":""0.02""},{""action_type"":""post_engagement"",""value"":""0.02""},{""action_type"":""page_engagement"",""value"":""0.02""}]",45-54,female,,,,,,,,,8.0,,8.0,,,8.0,,,,,0.02,0.02,,0.02
2026-03-08,2026-03-08,1379452680603809,TSSAds,6951024653957,1,6953785406157,Test - New Traffic Ad set with recommended settings,6953785406357,1,0.05,8,8,0,0,,6.25,0,,"[{""action_type"":""page_engagement"",""value"":""4""},{""action_type"":""post_engagement"",""value"":""4""},{""action_type"":""video_view"",""value"":""4""}]","[{""action_type"":""video_view"",""value"":""0.0125""},{""action_type"":""post_engagement"",""value"":""0.0125""},{""action_type"":""page_engagement"",""value"":""0.0125""}]",45-54,male,,,,,,,,,4.0,,4.0,,,4.0,,,,,0.0125,0.0125,,0.0125
2026-03-08,2026-03-08,1379452680603809,TSSAds,6951024653957,1,6953785406157,Test - New Traffic Ad set with recommended settings,6953785406357,1,0.03,5,5,1,20,0.03,6,0,,"[{""action_type"":""link_click"",""value"":""1""},{""action_type"":""page_engagement"",""value"":""3""},{""action_type"":""post_engagement"",""value"":""3""},{""action_type"":""video_view"",""value"":""2""}]","[{""action_type"":""video_view"",""value"":""0.015""},{""action_type"":""link_click"",""value"":""0.03""},{""action_type"":""post_engagement"",""value"":""0.01""},{""action_type"":""page_engagement"",""value"":""0.01""}]",55-64,female,1.0,,,,,,,,3.0,,3.0,,,2.0,0.03,,,,0.01,0.01,,0.015
2026-03-08,2026-03-08,1379452680603809,TSSAds,6951024653957,1,6953785406157,Test - New Traffic Ad set with recommended settings,6953785406357,1,0.02,4,4,0,0,,5,0,,"[{""action_type"":""page_engagement"",""value"":""2""},{""action_type"":""post_engagement"",""value"":""2""},{""action_type"":""video_view"",""value"":""2""}]","[{""action_type"":""video_view"",""value"":""0.01""},{""action_type"":""post_engagement"",""value"":""0.01""},{""action_type"":""page_engagement"",""value"":""0.01""}]",55-64,male,,,,,,,,,2.0,,2.0,,,2.0,,,,,0.01,0.01,,0.01
2026-03-08,2026-03-08,1379452680603809,TSSAds,6951024653957,1,6953785406157,Test - New Traffic Ad set with recommended settings,6953785406357,1,0.06,3,3,0,0,,20,0,,"[{""action_type"":""page_engagement"",""value"":""1""},{""action_type"":""post_engagement"",""value"":""1""},{""action_type"":""video_view"",""value"":""1""}]","[{""action_type"":""video_view"",""value"":""0.06""},{""action_type"":""post_engagement"",""value"":""0.06""},{""action_type"":""page_engagement"",""value"":""0.06""}]",65+,female,,,,,,,,,1.0,,1.0,,,1.0,,,,,0.06,0.06,,0.06
2026-03-08,2026-03-08,1379452680603809,TSSAds,6951024653957,1,6953785406157,Test - New Traffic Ad set with recommended settings,6953785406357,1,0.01,1,1,0,0,,10,0,,[],[],65+,male,,,,,,,,,,,,,,,,,,,,,,
2026-03-08,2026-03-08,1379452680603809,TSSAds,6953786714157,2,6953786714757,New Traffic Ad set with recommended settings,6953786714357,1,0,2,2,0,0,,0,0,,[],[],18-24,female,,,,,,,,,,,,,,,,,,,,,,
2026-03-08,2026-03-08,1379452680603809,TSSAds,6953786714157,2,6953786714757,New Traffic Ad set with recommended settings,6953786714357,1,0.01,2,2,0,0,,5,0,,"[{""action_type"":""page_engagement"",""value"":""2""},{""action_type"":""post_engagement"",""value"":""2""},{""action_type"":""video_view"",""value"":""2""}]","[{""action_type"":""video_view"",""value"":""0.005""},{""action_type"":""post_engagement"",""value"":""0.005""},{""action_type"":""page_engagement"",""value"":""0.005""}]",18-24,unknown,,,,,,,,,2.0,,2.0,,,2.0,,,,,0.005,0.005,,0.005
2026-03-08,2026-03-08,1379452680603809,TSSAds,6953786714157,2,6953786714757,New Traffic Ad set with recommended settings,6953786714357,1,0.02,11,11,1,9.090909,0.02,1.818182,0,,"[{""action_type"":""link_click"",""value"":""1""},{""action_type"":""page_engagement"",""value"":""4""},{""action_type"":""post_engagement"",""value"":""4""},{""action_type"":""video_view"",""value"":""3""}]","[{""action_type"":""video_view"",""value"":""0.006667""},{""action_type"":""link_click"",""value"":""0.02""},{""action_type"":""post_engagement"",""value"":""0.005""},{""action_type"":""page_engagement"",""value"":""0.005""}]",25-34,female,1.0,,,,,,,,4.0,,4.0,,,3.0,0.02,,,,0.005,0.005,,0.006667
2026-03-08,2026-03-08,1379452680603809,TSSAds,6953786714157,2,6953786714757,New Traffic Ad set with recommended settings,6953786714357,1,0.04,10,10,0,0,,4,0,,"[{""action_type"":""page_engagement"",""value"":""3""},{""action_type"":""post_engagement"",""value"":""3""},{""action_type"":""video_view"",""value"":""3""}]","[{""action_type"":""video_view"",""value"":""0.013333""},{""action_type"":""post_engagement"",""value"":""0.013333""},{""action_type"":""page_engagement"",""value"":""0.013333""}]",25-34,male,,,,,,,,,3.0,,3.0,,,3.0,,,,,0.013333,0.013333,,0.013333
2026-03-08,2026-03-08,1379452680603809,TSSAds,6953786714157,2,6953786714757,New Traffic Ad set with recommended settings,6953786714357,1,0,1,1,0,0,,0,0,,[],[],25-34,unknown,,,,,,,,,,,,,,,,,,,,,,
2026-03-08,2026-03-08,1379452680603809,TSSAds,6953786714157,2,6953786714757,New Traffic Ad set with recommended settings,6953786714357,1,0.08,7,7,0,0,,11.428571,0,,"[{""action_type"":""page_engagement"",""value"":""1""},{""action_type"":""post_engagement"",""value"":""1""},{""action_type"":""video_view"",""value"":""1""}]","[{""action_type"":""video_view"",""value"":""0.08""},{""action_type"":""post_engagement"",""value"":""0.08""},{""action_type"":""page_engagement"",""value"":""0.08""}]",35-44,female,,,,,,,,,1.0,,1.0,,,1.0,,,,,0.08,0.08,,0.08
2026-03-08,2026-03-08,1379452680603809,TSSAds,6953786714157,2,6953786714757,New Traffic Ad set with recommended settings,6953786714357,1,0.05,12,12,0,0,,4.166667,0,,"[{""action_type"":""page_engagement"",""value"":""5""},{""action_type"":""post_engagement"",""value"":""5""},{""action_type"":""video_view"",""value"":""5""}]","[{""action_type"":""video_view"",""value"":""0.01""},{""action_type"":""post_engagement"",""value"":""0.01""},{""action_type"":""page_engagement"",""value"":""0.01""}]",35-44,male,,,,,,,,,5.0,,5.0,,,5.0,,,,,0.01,0.01,,0.01
2026-03-08,2026-03-08,1379452680603809,TSSAds,6953786714157,2,6953786714757,New Traffic Ad set with recommended settings,6953786714357,1,0.05,3,3,0,0,,16.666667,0,,"[{""action_type"":""page_engagement"",""value"":""2""},{""action_type"":""post_engagement"",""value"":""2""},{""action_type"":""video_view"",""value"":""2""}]","[{""action_type"":""video_view"",""value"":""0.025""},{""action_type"":""post_engagement"",""value"":""0.025""},{""action_type"":""page_engagement"",""value"":""0.025""}]",45-54,female,,,,,,,,,2.0,,2.0,,,2.0,,,,,0.025,0.025,,0.025
2026-03-08,2026-03-08,1379452680603809,TSSAds,6953786714157,2,6953786714757,New Traffic Ad set with recommended settings,6953786714357,1,0.01,1,1,0,0,,10,0,,[],[],45-54,male,,,,,,,,,,,,,,,,,,,,,,
2026-03-08,2026-03-08,1379452680603809,TSSAds,6953786714157,2,6953786714757,New Traffic Ad set with recommended settings,6953786714357,1,0,1,1,0,0,,0,0,,[],[],65+,female,,,,,,,,,,,,,,,,,,,,,,
2026-03-08,2026-03-08,1379452680603809,TSSAds,6953786714157,2,6953786714957,Test - New Traffic Ad set with recommended settings,6953786714557,1,0.09,18,18,0,0,,5,0,,"[{""action_type"":""page_engagement"",""value"":""6""},{""action_type"":""post_engagement"",""value"":""6""},{""action_type"":""video_view"",""value"":""6""}]","[{""action_type"":""video_view"",""value"":""0.015""},{""action_type"":""post_engagement"",""value"":""0.015""},{""action_type"":""page_engagement"",""value"":""0.015""}]",18-24,female,,,,,,,,,6.0,,6.0,,,6.0,,,,,0.015,0.015,,0.015
2026-03-08,2026-03-08,1379452680603809,TSSAds,6953786714157,2,6953786714957,Test - New Traffic Ad set with recommended settings,6953786714557,1,0.05,10,10,2,20,0.025,5,0,,"[{""action_type"":""link_click"",""value"":""2""},{""action_type"":""page_engagement"",""value"":""4""},{""action_type"":""post_engagement"",""value"":""4""},{""action_type"":""video_view"",""value"":""2""}]","[{""action_type"":""video_view"",""value"":""0.025""},{""action_type"":""link_click"",""value"":""0.025""},{""action_type"":""post_engagement"",""value"":""0.0125""},{""action_type"":""page_engagement"",""value"":""0.0125""}]",18-24,male,2.0,,,,,,,,4.0,,4.0,,,2.0,0.025,,,,0.0125,0.0125,,0.025
2026-03-08,2026-03-08,1379452680603809,TSSAds,6953786714157,2,6953786714957,Test - New Traffic Ad set with recommended settings,6953786714557,1,0.01,1,1,0,0,,10,0,,[],[],18-24,unknown,,,,,,,,,,,,,,,,,,,,,,
2026-03-08,2026-03-08,1379452680603809,TSSAds,6953786714157,2,6953786714957,Test - New Traffic Ad set with recommended settings,6953786714557,1,0.34,55,55,2,3.636364,0.17,6.181818,0,,"[{""action_type"":""link_click"",""value"":""2""},{""action_type"":""page_engagement"",""value"":""16""},{""action_type"":""post_engagement"",""value"":""16""},{""action_type"":""video_view"",""value"":""14""}]","[{""action_type"":""video_view"",""value"":""0.024286""},{""action_type"":""link_click"",""value"":""0.17""},{""action_type"":""post_engagement"",""value"":""0.02125""},{""action_type"":""page_engagement"",""value"":""0.02125""}]",25-34,female,2.0,,,,,,,,16.0,,16.0,,,14.0,0.17,,,,0.02125,0.02125,,0.024286
2026-03-08,2026-03-08,1379452680603809,TSSAds,6953786714157,2,6953786714957,Test - New Traffic Ad set with recommended settings,6953786714557,1,0.2,49,49,2,4.081633,0.1,4.081633,0,,"[{""action_type"":""link_click"",""value"":""2""},{""action_type"":""page_engagement"",""value"":""21""},{""action_type"":""post_engagement"",""value"":""21""},{""action_type"":""post_interaction_gross"",""value"":""1""},{""action_type"":""onsite_conversion.post_net_like"",""value"":""1""},{""action_type"":""video_view"",""value"":""18""},{""action_type"":""post_reaction"",""value"":""1""}]","[{""action_type"":""video_view"",""value"":""0.011111""},{""action_type"":""link_click"",""value"":""0.1""},{""action_type"":""post_interaction_gross"",""value"":""0.2""},{""action_type"":""post_engagement"",""value"":""0.009524""},{""action_type"":""page_engagement"",""value"":""0.009524""}]",25-34,male,2.0,,,1.0,,,,,21.0,,21.0,1.0,1.0,18.0,0.1,,,,0.009524,0.009524,0.2,0.011111
2026-03-08,2026-03-08,1379452680603809,TSSAds,6953786714157,2,6953786714957,Test - New Traffic Ad set with recommended settings,6953786714557,1,0.31,44,44,6,13.636364,0.051667,7.045455,0,,"[{""action_type"":""link_click"",""value"":""6""},{""action_type"":""page_engagement"",""value"":""25""},{""action_type"":""post_engagement"",""value"":""25""},{""action_type"":""post_interaction_gross"",""value"":""1""},{""action_type"":""onsite_conversion.post_net_like"",""value"":""1""},{""action_type"":""video_view"",""value"":""18""},{""action_type"":""post_reaction"",""value"":""1""}]","[{""action_type"":""video_view"",""value"":""0.017222""},{""action_type"":""link_click"",""value"":""0.051667""},{""action_type"":""post_interaction_gross"",""value"":""0.31""},{""action_type"":""post_engagement"",""value"":""0.0124""},{""action_type"":""page_engagement"",""value"":""0.0124""}]",35-44,female,6.0,,,1.0,,,,,25.0,,25.0,1.0,1.0,18.0,0.051667,,,,0.0124,0.0124,0.31,0.017222
2026-03-08,2026-03-08,1379452680603809,TSSAds,6953786714157,2,6953786714957,Test - New Traffic Ad set with recommended settings,6953786714557,1,0.32,41,41,1,2.439024,0.32,7.804878,0,,"[{""action_type"":""link_click"",""value"":""1""},{""action_type"":""page_engagement"",""value"":""17""},{""action_type"":""post_engagement"",""value"":""17""},{""action_type"":""video_view"",""value"":""16""}]","[{""action_type"":""video_view"",""value"":""0.02""},{""action_type"":""link_click"",""value"":""0.32""},{""action_type"":""post_engagement"",""value"":""0.018824""},{""action_type"":""page_engagement"",""value"":""0.018824""}]",35-44,male,1.0,,,,,,,,17.0,,17.0,,,16.0,0.32,,,,0.018824,0.018824,,0.02
2026-03-08,2026-03-08,1379452680603809,TSSAds,6953786714157,2,6953786714957,Test - New Traffic Ad set with recommended settings,6953786714557,1,0.01,1,1,1,100,0.01,10,0,,"[{""action_type"":""link_click"",""value"":""1""},{""action_type"":""page_engagement"",""value"":""3""},{""action_type"":""post_engagement"",""value"":""3""},{""action_type"":""post_interaction_gross"",""value"":""1""},{""action_type"":""onsite_conversion.post_net_like"",""value"":""1""},{""action_type"":""video_view"",""value"":""1""},{""action_type"":""post_reaction"",""value"":""1""}]","[{""action_type"":""video_view"",""value"":""0.01""},{""action_type"":""link_click"",""value"":""0.01""},{""action_type"":""post_interaction_gross"",""value"":""0.01""},{""action_type"":""post_engagement"",""value"":""0.003333""},{""action_type"":""page_engagement"",""value"":""0.003333""}]",35-44,unknown,1.0,,,1.0,,,,,3.0,,3.0,1.0,1.0,1.0,0.01,,,,0.003333,0.003333,0.01,0.01
2026-03-08,2026-03-08,1379452680603809,TSSAds,6953786714157,2,6953786714957,Test - New Traffic Ad set with recommended settings,6953786714557,1,0.33,30,30,2,6.666667,0.165,11,0,,"[{""action_type"":""link_click"",""value"":""2""},{""action_type"":""page_engagement"",""value"":""20""},{""action_type"":""post_engagement"",""value"":""20""},{""action_type"":""video_view"",""value"":""18""}]","[{""action_type"":""video_view"",""value"":""0.018333""},{""action_type"":""link_click"",""value"":""0.165""},{""action_type"":""post_engagement"",""value"":""0.0165""},{""action_type"":""page_engagement"",""value"":""0.0165""}]",45-54,female,2.0,,,,,,,,20.0,,20.0,,,18.0,0.165,,,,0.0165,0.0165,,0.018333
2026-03-08,2026-03-08,1379452680603809,TSSAds,6953786714157,2,6953786714957,Test - New Traffic Ad set with recommended settings,6953786714557,1,0.1,10,10,2,20,0.05,10,0,,"[{""action_type"":""link_click"",""value"":""2""},{""action_type"":""page_engagement"",""value"":""10""},{""action_type"":""post_engagement"",""value"":""10""},{""action_type"":""post_interaction_gross"",""value"":""1""},{""action_type"":""onsite_conversion.post_net_like"",""value"":""1""},{""action_type"":""video_view"",""value"":""7""},{""action_type"":""post_reaction"",""value"":""1""}]","[{""action_type"":""video_view"",""value"":""0.014286""},{""action_type"":""link_click"",""value"":""0.05""},{""action_type"":""post_interaction_gross"",""value"":""0.1""},{""action_type"":""post_engagement"",""value"":""0.01""},{""action_type"":""page_engagement"",""value"":""0.01""}]",45-54,male,2.0,,,1.0,,,,,10.0,,10.0,1.0,1.0,7.0,0.05,,,,0.01,0.01,0.1,0.014286
2026-03-08,2026-03-08,1379452680603809,TSSAds,6953786714157,2,6953786714957,Test - New Traffic Ad set with recommended settings,6953786714557,1,0.04,5,5,1,20,0.04,8,0,,"[{""action_type"":""link_click"",""value"":""1""},{""action_type"":""page_engagement"",""value"":""5""},{""action_type"":""post_engagement"",""value"":""5""},{""action_type"":""video_view"",""value"":""4""}]","[{""action_type"":""video_view"",""value"":""0.01""},{""action_type"":""link_click"",""value"":""0.04""},{""action_type"":""post_engagement"",""value"":""0.008""},{""action_type"":""page_engagement"",""value"":""0.008""}]",55-64,female,1.0,,,,,,,,5.0,,5.0,,,4.0,0.04,,,,0.008,0.008,,0.01
2026-03-08,2026-03-08,1379452680603809,TSSAds,6953786714157,2,6953786714957,Test - New Traffic Ad set with recommended settings,6953786714557,1,0.01,2,2,0,0,,5,0,,"[{""action_type"":""page_engagement"",""value"":""3""},{""action_type"":""post_engagement"",""value"":""3""},{""action_type"":""post_interaction_gross"",""value"":""1""},{""action_type"":""post"",""value"":""1""},{""action_type"":""video_view"",""value"":""2""}]","[{""action_type"":""video_view"",""value"":""0.005""},{""action_type"":""post_interaction_gross"",""value"":""0.01""},{""action_type"":""post_engagement"",""value"":""0.003333""},{""action_type"":""page_engagement"",""value"":""0.003333""}]",55-64,male,,,,,,,,,3.0,1.0,3.0,1.0,,2.0,,,,,0.003333,0.003333,0.01,0.005
2026-03-08,2026-03-08,1379452680603809,TSSAds,6953786714157,2,6953786714957,Test - New Traffic Ad set with recommended settings,6953786714557,1,0,1,1,0,0,,0,0,,"[{""action_type"":""page_engagement"",""value"":""1""},{""action_type"":""post_engagement"",""value"":""1""},{""action_type"":""video_view"",""value"":""1""}]","[{""action_type"":""video_view"",""value"":""0""},{""action_type"":""post_engagement"",""value"":""0""},{""action_type"":""page_engagement"",""value"":""0""}]",65+,female,,,,,,,,,1.0,,1.0,,,1.0,,,,,0.0,0.0,,0.0
2026-03-08,2026-03-08,1379452680603809,TSSAds,6953786714157,2,6953786714957,Test - New Traffic Ad set with recommended settings,6953786714557,1,0,1,1,0,0,,0,0,,[],[],65+,male,,,,,,,,,,,,,,,,,,,,,,
2026-03-09,2026-03-09,1379452680603809,TSSAds,6951024653957,1,6951024653757,New Traffic Ad set with recommended settings,6951024654157,1,0.41,71,71,6,8.450704,0.068333,5.774648,0,,"[{""action_type"":""link_click"",""value"":""6""},{""action_type"":""page_engagement"",""value"":""25""},{""action_type"":""post_engagement"",""value"":""25""},{""action_type"":""video_view"",""value"":""19""}]","[{""action_type"":""video_view"",""value"":""0.021579""},{""action_type"":""link_click"",""value"":""0.068333""},{""action_type"":""post_engagement"",""value"":""0.0164""},{""action_type"":""page_engagement"",""value"":""0.0164""}]",18-24,female,6.0,,,,,,,,25.0,,25.0,,,19.0,0.068333,,,,0.0164,0.0164,,0.021579
2026-03-09,2026-03-09,1379452680603809,TSSAds,6951024653957,1,6951024653757,New Traffic Ad set with recommended settings,6951024654157,1,0.21,47,47,2,4.255319,0.105,4.468085,0,,"[{""action_type"":""link_click"",""value"":""2""},{""action_type"":""page_engagement"",""value"":""20""},{""action_type"":""post_engagement"",""value"":""20""},{""action_type"":""video_view"",""value"":""18""}]","[{""action_type"":""video_view"",""value"":""0.011667""},{""action_type"":""link_click"",""value"":""0.105""},{""action_type"":""post_engagement"",""value"":""0.0105""},{""action_type"":""page_engagement"",""value"":""0.0105""}]",18-24,male,2.0,,,,,,,,20.0,,20.0,,,18.0,0.105,,,,0.0105,0.0105,,0.011667
2026-03-09,2026-03-09,1379452680603809,TSSAds,6951024653957,1,6951024653757,New Traffic Ad set with recommended settings,6951024654157,1,0,3,3,0,0,,0,0,,[],[],18-24,unknown,,,,,,,,,,,,,,,,,,,,,,
2026-03-09,2026-03-09,1379452680603809,TSSAds,6951024653957,1,6951024653757,New Traffic Ad set with recommended settings,6951024654157,1,1.13,206,204,5,2.427184,0.226,5.485437,0,,"[{""action_type"":""link_click"",""value"":""5""},{""action_type"":""page_engagement"",""value"":""58""},{""action_type"":""post_engagement"",""value"":""58""},{""action_type"":""post_interaction_gross"",""value"":""3""},{""action_type"":""post"",""value"":""1""},{""action_type"":""onsite_conversion.post_net_like"",""value"":""2""},{""action_type"":""video_view"",""value"":""50""},{""action_type"":""post_reaction"",""value"":""2""}]","[{""action_type"":""video_view"",""value"":""0.0226""},{""action_type"":""link_click"",""value"":""0.226""},{""action_type"":""post_interaction_gross"",""value"":""0.376667""},{""action_type"":""post_engagement"",""value"":""0.019483""},{""action_type"":""page_engagement"",""value"":""0.019483""}]",25-34,female,5.0,,,2.0,,,,,58.0,1.0,58.0,3.0,2.0,50.0,0.226,,,,0.019483,0.019483,0.376667,0.0226
2026-03-09,2026-03-09,1379452680603809,TSSAds,6951024653957,1,6951024653757,New Traffic Ad set with recommended settings,6951024654157,1,1.42,233,232,14,6.008584,0.101429,6.094421,0,,"[{""action_type"":""link_click"",""value"":""13""},{""action_type"":""page_engagement"",""value"":""101""},{""action_type"":""post_engagement"",""value"":""101""},{""action_type"":""post_interaction_gross"",""value"":""6""},{""action_type"":""post"",""value"":""1""},{""action_type"":""onsite_conversion.post_save"",""value"":""1""},{""action_type"":""onsite_conversion.post_net_like"",""value"":""4""},{""action_type"":""onsite_conversion.post_net_save"",""value"":""1""},{""action_type"":""video_view"",""value"":""82""},{""action_type"":""post_reaction"",""value"":""4""}]","[{""action_type"":""video_view"",""value"":""0.017317""},{""action_type"":""link_click"",""value"":""0.109231""},{""action_type"":""post_interaction_gross"",""value"":""0.236667""},{""action_type"":""post_engagement"",""value"":""0.014059""},{""action_type"":""page_engagement"",""value"":""0.014059""}]",25-34,male,13.0,,,4.0,1.0,1.0,,,101.0,1.0,101.0,6.0,4.0,82.0,0.109231,,,,0.014059,0.014059,0.236667,0.017317
2026-03-09,2026-03-09,1379452680603809,TSSAds,6951024653957,1,6951024653757,New Traffic Ad set with recommended settings,6951024654157,1,0.03,5,5,1,20,0.03,6,0,,"[{""action_type"":""link_click"",""value"":""1""},{""action_type"":""page_engagement"",""value"":""3""},{""action_type"":""post_engagement"",""value"":""3""},{""action_type"":""video_view"",""value"":""2""}]","[{""action_type"":""video_view"",""value"":""0.015""},{""action_type"":""link_click"",""value"":""0.03""},{""action_type"":""post_engagement"",""value"":""0.01""},{""action_type"":""page_engagement"",""value"":""0.01""}]",25-34,unknown,1.0,,,,,,,,3.0,,3.0,,,2.0,0.03,,,,0.01,0.01,,0.015
2026-03-09,2026-03-09,1379452680603809,TSSAds,6951024653957,1,6951024653757,New Traffic Ad set with recommended settings,6951024654157,1,0.99,142,142,8,5.633803,0.12375,6.971831,0,,"[{""action_type"":""link_click"",""value"":""8""},{""action_type"":""page_engagement"",""value"":""75""},{""action_type"":""post_engagement"",""value"":""75""},{""action_type"":""post_interaction_gross"",""value"":""4""},{""action_type"":""post"",""value"":""1""},{""action_type"":""onsite_conversion.post_net_like"",""value"":""3""},{""action_type"":""video_view"",""value"":""63""},{""action_type"":""post_reaction"",""value"":""3""}]","[{""action_type"":""video_view"",""value"":""0.015714""},{""action_type"":""link_click"",""value"":""0.12375""},{""action_type"":""post_interaction_gross"",""value"":""0.2475""},{""action_type"":""post_engagement"",""value"":""0.0132""},{""action_type"":""page_engagement"",""value"":""0.0132""}]",35-44,female,8.0,,,3.0,,,,,75.0,1.0,75.0,4.0,3.0,63.0,0.12375,,,,0.0132,0.0132,0.2475,0.015714
2026-03-09,2026-03-09,1379452680603809,TSSAds,6951024653957,1,6951024653757,New Traffic Ad set with recommended settings,6951024654157,1,0.92,151,148,7,4.635762,0.131429,6.092715,0,,"[{""action_type"":""link_click"",""value"":""7""},{""action_type"":""page_engagement"",""value"":""83""},{""action_type"":""post_engagement"",""value"":""83""},{""action_type"":""post_interaction_gross"",""value"":""3""},{""action_type"":""post"",""value"":""1""},{""action_type"":""onsite_conversion.post_net_like"",""value"":""2""},{""action_type"":""video_view"",""value"":""73""},{""action_type"":""post_reaction"",""value"":""2""}]","[{""action_type"":""video_view"",""value"":""0.012603""},{""action_type"":""link_click"",""value"":""0.131429""},{""action_type"":""post_interaction_gross"",""value"":""0.306667""},{""action_type"":""post_engagement"",""value"":""0.011084""},{""action_type"":""page_engagement"",""value"":""0.011084""}]",35-44,male,7.0,,,2.0,,,,,83.0,1.0,83.0,3.0,2.0,73.0,0.131429,,,,0.011084,0.011084,0.306667,0.012603
2026-03-09,2026-03-09,1379452680603809,TSSAds,6951024653957,1,6951024653757,New Traffic Ad set with recommended settings,6951024654157,1,0.01,4,4,0,0,,2.5,0,,"[{""action_type"":""page_engagement"",""value"":""3""},{""action_type"":""post_engagement"",""value"":""3""},{""action_type"":""video_view"",""value"":""3""}]","[{""action_type"":""video_view"",""value"":""0.003333""},{""action_type"":""post_engagement"",""value"":""0.003333""},{""action_type"":""page_engagement"",""value"":""0.003333""}]",35-44,unknown,,,,,,,,,3.0,,3.0,,,3.0,,,,,0.003333,0.003333,,0.003333
2026-03-09,2026-03-09,1379452680603809,TSSAds,6951024653957,1,6951024653757,New Traffic Ad set with recommended settings,6951024654157,1,0.29,30,30,1,3.333333,0.29,9.666667,0,,"[{""action_type"":""link_click"",""value"":""1""},{""action_type"":""page_engagement"",""value"":""19""},{""action_type"":""post_engagement"",""value"":""19""},{""action_type"":""post_interaction_gross"",""value"":""1""},{""action_type"":""onsite_conversion.post_net_like"",""value"":""1""},{""action_type"":""video_view"",""value"":""17""},{""action_type"":""post_reaction"",""value"":""1""}]","[{""action_type"":""video_view"",""value"":""0.017059""},{""action_type"":""link_click"",""value"":""0.29""},{""action_type"":""post_interaction_gross"",""value"":""0.29""},{""action_type"":""post_engagement"",""value"":""0.015263""},{""action_type"":""page_engagement"",""value"":""0.015263""}]",45-54,female,1.0,,,1.0,,,,,19.0,,19.0,1.0,1.0,17.0,0.29,,,,0.015263,0.015263,0.29,0.017059
2026-03-09,2026-03-09,1379452680603809,TSSAds,6951024653957,1,6951024653757,New Traffic Ad set with recommended settings,6951024654157,1,0.39,40,40,1,2.5,0.39,9.75,0,,"[{""action_type"":""link_click"",""value"":""1""},{""action_type"":""page_engagement"",""value"":""28""},{""action_type"":""post_engagement"",""value"":""28""},{""action_type"":""post_interaction_gross"",""value"":""2""},{""action_type"":""onsite_conversion.post_net_like"",""value"":""2""},{""action_type"":""video_view"",""value"":""25""},{""action_type"":""post_reaction"",""value"":""2""}]","[{""action_type"":""video_view"",""value"":""0.0156""},{""action_type"":""link_click"",""value"":""0.39""},{""action_type"":""post_interaction_gross"",""value"":""0.195""},{""action_type"":""post_engagement"",""value"":""0.013929""},{""action_type"":""page_engagement"",""value"":""0.013929""}]",45-54,male,1.0,,,2.0,,,,,28.0,,28.0,2.0,2.0,25.0,0.39,,,,0.013929,0.013929,0.195,0.0156
2026-03-09,2026-03-09,1379452680603809,TSSAds,6951024653957,1,6951024653757,New Traffic Ad set with recommended settings,6951024654157,1,0,1,1,0,0,,0,0,,[],[],45-54,unknown,,,,,,,,,,,,,,,,,,,,,,
2026-03-09,2026-03-09,1379452680603809,TSSAds,6951024653957,1,6951024653757,New Traffic Ad set with recommended settings,6951024654157,1,0.2,16,16,2,12.5,0.1,12.5,0,,"[{""action_type"":""link_click"",""value"":""2""},{""action_type"":""page_engagement"",""value"":""15""},{""action_type"":""post_engagement"",""value"":""15""},{""action_type"":""post_interaction_gross"",""value"":""1""},{""action_type"":""onsite_conversion.post_net_like"",""value"":""1""},{""action_type"":""video_view"",""value"":""12""},{""action_type"":""post_reaction"",""value"":""1""}]","[{""action_type"":""video_view"",""value"":""0.016667""},{""action_type"":""link_click"",""value"":""0.1""},{""action_type"":""post_interaction_gross"",""value"":""0.2""},{""action_type"":""post_engagement"",""value"":""0.013333""},{""action_type"":""page_engagement"",""value"":""0.013333""}]",55-64,female,2.0,,,1.0,,,,,15.0,,15.0,1.0,1.0,12.0,0.1,,,,0.013333,0.013333,0.2,0.016667
2026-03-09,2026-03-09,1379452680603809,TSSAds,6951024653957,1,6951024653757,New Traffic Ad set with recommended settings,6951024654157,1,0.15,13,13,1,7.692308,0.15,11.538462,0,,"[{""action_type"":""link_click"",""value"":""1""},{""action_type"":""page_engagement"",""value"":""6""},{""action_type"":""post_engagement"",""value"":""6""},{""action_type"":""video_view"",""value"":""5""}]","[{""action_type"":""video_view"",""value"":""0.03""},{""action_type"":""link_click"",""value"":""0.15""},{""action_type"":""post_engagement"",""value"":""0.025""},{""action_type"":""page_engagement"",""value"":""0.025""}]",55-64,male,1.0,,,,,,,,6.0,,6.0,,,5.0,0.15,,,,0.025,0.025,,0.03
2026-03-09,2026-03-09,1379452680603809,TSSAds,6951024653957,1,6951024653757,New Traffic Ad set with recommended settings,6951024654157,1,0.02,6,6,0,0,,3.333333,0,,"[{""action_type"":""page_engagement"",""value"":""2""},{""action_type"":""post_engagement"",""value"":""2""},{""action_type"":""video_view"",""value"":""2""}]","[{""action_type"":""video_view"",""value"":""0.01""},{""action_type"":""post_engagement"",""value"":""0.01""},{""action_type"":""page_engagement"",""value"":""0.01""}]",65+,female,,,,,,,,,2.0,,2.0,,,2.0,,,,,0.01,0.01,,0.01
2026-03-09,2026-03-09,1379452680603809,TSSAds,6951024653957,1,6951024653757,New Traffic Ad set with recommended settings,6951024654157,1,0.08,10,10,0,0,,8,0,,"[{""action_type"":""page_engagement"",""value"":""4""},{""action_type"":""post_engagement"",""value"":""4""},{""action_type"":""video_view"",""value"":""4""}]","[{""action_type"":""video_view"",""value"":""0.02""},{""action_type"":""post_engagement"",""value"":""0.02""},{""action_type"":""page_engagement"",""value"":""0.02""}]",65+,male,,,,,,,,,4.0,,4.0,,,4.0,,,,,0.02,0.02,,0.02
2026-03-09,2026-03-09,1379452680603809,TSSAds,6951024653957,1,6953785406157,Test - New Traffic Ad set with recommended settings,6953785406357,1,0.32,68,68,2,2.941176,0.16,4.705882,0,,"[{""action_type"":""link_click"",""value"":""2""},{""action_type"":""page_engagement"",""value"":""17""},{""action_type"":""post_engagement"",""value"":""17""},{""action_type"":""post_interaction_gross"",""value"":""2""},{""action_type"":""onsite_conversion.post_net_like"",""value"":""2""},{""action_type"":""video_view"",""value"":""13""},{""action_type"":""post_reaction"",""value"":""2""}]","[{""action_type"":""video_view"",""value"":""0.024615""},{""action_type"":""link_click"",""value"":""0.16""},{""action_type"":""post_interaction_gross"",""value"":""0.16""},{""action_type"":""post_engagement"",""value"":""0.018824""},{""action_type"":""page_engagement"",""value"":""0.018824""}]",18-24,female,2.0,,,2.0,,,,,17.0,,17.0,2.0,2.0,13.0,0.16,,,,0.018824,0.018824,0.16,0.024615
2026-03-09,2026-03-09,1379452680603809,TSSAds,6951024653957,1,6953785406157,Test - New Traffic Ad set with recommended settings,6953785406357,1,0.17,51,51,1,1.960784,0.17,3.333333,0,,"[{""action_type"":""link_click"",""value"":""1""},{""action_type"":""page_engagement"",""value"":""17""},{""action_type"":""post_engagement"",""value"":""17""},{""action_type"":""video_view"",""value"":""16""}]","[{""action_type"":""video_view"",""value"":""0.010625""},{""action_type"":""link_click"",""value"":""0.17""},{""action_type"":""post_engagement"",""value"":""0.01""},{""action_type"":""page_engagement"",""value"":""0.01""}]",18-24,male,1.0,,,,,,,,17.0,,17.0,,,16.0,0.17,,,,0.01,0.01,,0.010625
2026-03-09,2026-03-09,1379452680603809,TSSAds,6951024653957,1,6953785406157,Test - New Traffic Ad set with recommended settings,6953785406357,1,0.02,6,5,0,0,,3.333333,0,,[],[],18-24,unknown,,,,,,,,,,,,,,,,,,,,,,
2026-03-09,2026-03-09,1379452680603809,TSSAds,6951024653957,1,6953785406157,Test - New Traffic Ad set with recommended settings,6953785406357,1,1.65,238,233,15,6.302521,0.11,6.932773,0,,"[{""action_type"":""link_click"",""value"":""15""},{""action_type"":""page_engagement"",""value"":""110""},{""action_type"":""post_engagement"",""value"":""110""},{""action_type"":""post_interaction_gross"",""value"":""3""},{""action_type"":""post"",""value"":""1""},{""action_type"":""onsite_conversion.post_net_like"",""value"":""2""},{""action_type"":""video_view"",""value"":""92""},{""action_type"":""post_reaction"",""value"":""2""}]","[{""action_type"":""video_view"",""value"":""0.017935""},{""action_type"":""link_click"",""value"":""0.11""},{""action_type"":""post_interaction_gross"",""value"":""0.55""},{""action_type"":""post_engagement"",""value"":""0.015""},{""action_type"":""page_engagement"",""value"":""0.015""}]",25-34,female,15.0,,,2.0,,,,,110.0,1.0,110.0,3.0,2.0,92.0,0.11,,,,0.015,0.015,0.55,0.017935
2026-03-09,2026-03-09,1379452680603809,TSSAds,6951024653957,1,6953785406157,Test - New Traffic Ad set with recommended settings,6953785406357,1,1.37,237,237,25,10.548523,0.0548,5.780591,0,,"[{""action_type"":""link_click"",""value"":""25""},{""action_type"":""page_engagement"",""value"":""138""},{""action_type"":""post_engagement"",""value"":""138""},{""action_type"":""post_interaction_gross"",""value"":""7""},{""action_type"":""post"",""value"":""1""},{""action_type"":""onsite_conversion.post_net_like"",""value"":""6""},{""action_type"":""video_view"",""value"":""106""},{""action_type"":""post_reaction"",""value"":""6""}]","[{""action_type"":""video_view"",""value"":""0.012925""},{""action_type"":""link_click"",""value"":""0.0548""},{""action_type"":""post_interaction_gross"",""value"":""0.195714""},{""action_type"":""post_engagement"",""value"":""0.009928""},{""action_type"":""page_engagement"",""value"":""0.009928""}]",25-34,male,25.0,,,6.0,,,,,138.0,1.0,138.0,7.0,6.0,106.0,0.0548,,,,0.009928,0.009928,0.195714,0.012925
2026-03-09,2026-03-09,1379452680603809,TSSAds,6951024653957,1,6953785406157,Test - New Traffic Ad set with recommended settings,6953785406357,1,0.01,2,2,0,0,,5,0,,"[{""action_type"":""page_engagement"",""value"":""2""},{""action_type"":""post_engagement"",""value"":""2""},{""action_type"":""video_view"",""value"":""2""}]","[{""action_type"":""video_view"",""value"":""0.005""},{""action_type"":""post_engagement"",""value"":""0.005""},{""action_type"":""page_engagement"",""value"":""0.005""}]",25-34,unknown,,,,,,,,,2.0,,2.0,,,2.0,,,,,0.005,0.005,,0.005
2026-03-09,2026-03-09,1379452680603809,TSSAds,6951024653957,1,6953785406157,Test - New Traffic Ad set with recommended settings,6953785406357,1,0.83,133,133,7,5.263158,0.118571,6.240602,0,,"[{""action_type"":""link_click"",""value"":""7""},{""action_type"":""page_engagement"",""value"":""56""},{""action_type"":""post_engagement"",""value"":""56""},{""action_type"":""video_view"",""value"":""49""}]","[{""action_type"":""video_view"",""value"":""0.016939""},{""action_type"":""link_click"",""value"":""0.118571""},{""action_type"":""post_engagement"",""value"":""0.014821""},{""action_type"":""page_engagement"",""value"":""0.014821""}]",35-44,female,7.0,,,,,,,,56.0,,56.0,,,49.0,0.118571,,,,0.014821,0.014821,,0.016939
2026-03-09,2026-03-09,1379452680603809,TSSAds,6951024653957,1,6953785406157,Test - New Traffic Ad set with recommended settings,6953785406357,1,1.24,175,175,18,10.285714,0.068889,7.085714,0,,"[{""action_type"":""link_click"",""value"":""18""},{""action_type"":""page_engagement"",""value"":""117""},{""action_type"":""onsite_conversion.post_unlike"",""value"":""1""},{""action_type"":""post_engagement"",""value"":""117""},{""action_type"":""post_interaction_gross"",""value"":""11""},{""action_type"":""onsite_conversion.post_save"",""value"":""3""},{""action_type"":""onsite_conversion.post_net_like"",""value"":""7""},{""action_type"":""onsite_conversion.post_net_save"",""value"":""3""},{""action_type"":""video_view"",""value"":""88""},{""action_type"":""post_reaction"",""value"":""8""}]","[{""action_type"":""video_view"",""value"":""0.014091""},{""action_type"":""link_click"",""value"":""0.068889""},{""action_type"":""post_interaction_gross"",""value"":""0.112727""},{""action_type"":""post_engagement"",""value"":""0.010598""},{""action_type"":""page_engagement"",""value"":""0.010598""}]",35-44,male,18.0,,,7.0,3.0,3.0,1.0,,117.0,,117.0,11.0,8.0,88.0,0.068889,,,,0.010598,0.010598,0.112727,0.014091
2026-03-09,2026-03-09,1379452680603809,TSSAds,6951024653957,1,6953785406157,Test - New Traffic Ad set with recommended settings,6953785406357,1,0.02,2,2,1,50,0.02,10,0,,"[{""action_type"":""link_click"",""value"":""1""},{""action_type"":""page_engagement"",""value"":""3""},{""action_type"":""post_engagement"",""value"":""3""},{""action_type"":""video_view"",""value"":""2""}]","[{""action_type"":""video_view"",""value"":""0.01""},{""action_type"":""link_click"",""value"":""0.02""},{""action_type"":""post_engagement"",""value"":""0.006667""},{""action_type"":""page_engagement"",""value"":""0.006667""}]",35-44,unknown,1.0,,,,,,,,3.0,,3.0,,,2.0,0.02,,,,0.006667,0.006667,,0.01
2026-03-09,2026-03-09,1379452680603809,TSSAds,6951024653957,1,6953785406157,Test - New Traffic Ad set with recommended settings,6953785406357,1,0.32,34,34,1,2.941176,0.32,9.411765,0,,"[{""action_type"":""link_click"",""value"":""1""},{""action_type"":""page_engagement"",""value"":""18""},{""action_type"":""post_engagement"",""value"":""18""},{""action_type"":""video_view"",""value"":""17""}]","[{""action_type"":""video_view"",""value"":""0.018824""},{""action_type"":""link_click"",""value"":""0.32""},{""action_type"":""post_engagement"",""value"":""0.017778""},{""action_type"":""page_engagement"",""value"":""0.017778""}]",45-54,female,1.0,,,,,,,,18.0,,18.0,,,17.0,0.32,,,,0.017778,0.017778,,0.018824
2026-03-09,2026-03-09,1379452680603809,TSSAds,6951024653957,1,6953785406157,Test - New Traffic Ad set with recommended settings,6953785406357,1,0.36,52,51,5,9.615385,0.072,6.923077,0,,"[{""action_type"":""link_click"",""value"":""5""},{""action_type"":""page_engagement"",""value"":""34""},{""action_type"":""post_engagement"",""value"":""34""},{""action_type"":""post_interaction_gross"",""value"":""5""},{""action_type"":""post"",""value"":""2""},{""action_type"":""onsite_conversion.post_net_like"",""value"":""3""},{""action_type"":""video_view"",""value"":""24""},{""action_type"":""post_reaction"",""value"":""3""}]","[{""action_type"":""video_view"",""value"":""0.015""},{""action_type"":""link_click"",""value"":""0.072""},{""action_type"":""post_interaction_gross"",""value"":""0.072""},{""action_type"":""post_engagement"",""value"":""0.010588""},{""action_type"":""page_engagement"",""value"":""0.010588""}]",45-54,male,5.0,,,3.0,,,,,34.0,2.0,34.0,5.0,3.0,24.0,0.072,,,,0.010588,0.010588,0.072,0.015
2026-03-09,2026-03-09,1379452680603809,TSSAds,6951024653957,1,6953785406157,Test - New Traffic Ad set with recommended settings,6953785406357,1,0.01,2,2,0,0,,5,0,,"[{""action_type"":""page_engagement"",""value"":""1""},{""action_type"":""post_engagement"",""value"":""1""},{""action_type"":""video_view"",""value"":""1""}]","[{""action_type"":""video_view"",""value"":""0.01""},{""action_type"":""post_engagement"",""value"":""0.01""},{""action_type"":""page_engagement"",""value"":""0.01""}]",45-54,unknown,,,,,,,,,1.0,,1.0,,,1.0,,,,,0.01,0.01,,0.01
2026-03-09,2026-03-09,1379452680603809,TSSAds,6951024653957,1,6953785406157,Test - New Traffic Ad set with recommended settings,6953785406357,1,0.14,13,13,1,7.692308,0.14,10.769231,0,,"[{""action_type"":""link_click"",""value"":""1""},{""action_type"":""page_engagement"",""value"":""12""},{""action_type"":""post_engagement"",""value"":""12""},{""action_type"":""video_view"",""value"":""11""}]","[{""action_type"":""video_view"",""value"":""0.012727""},{""action_type"":""link_click"",""value"":""0.14""},{""action_type"":""post_engagement"",""value"":""0.011667""},{""action_type"":""page_engagement"",""value"":""0.011667""}]",55-64,female,1.0,,,,,,,,12.0,,12.0,,,11.0,0.14,,,,0.011667,0.011667,,0.012727
2026-03-09,2026-03-09,1379452680603809,TSSAds,6951024653957,1,6953785406157,Test - New Traffic Ad set with recommended settings,6953785406357,1,0.06,11,11,1,9.090909,0.06,5.454545,0,,"[{""action_type"":""link_click"",""value"":""1""},{""action_type"":""page_engagement"",""value"":""8""},{""action_type"":""post_engagement"",""value"":""8""},{""action_type"":""video_view"",""value"":""7""}]","[{""action_type"":""video_view"",""value"":""0.008571""},{""action_type"":""link_click"",""value"":""0.06""},{""action_type"":""post_engagement"",""value"":""0.0075""},{""action_type"":""page_engagement"",""value"":""0.0075""}]",55-64,male,1.0,,,,,,,,8.0,,8.0,,,7.0,0.06,,,,0.0075,0.0075,,0.008571
2026-03-09,2026-03-09,1379452680603809,TSSAds,6951024653957,1,6953785406157,Test - New Traffic Ad set with recommended settings,6953785406357,1,0.01,1,1,0,0,,10,0,,[],[],55-64,unknown,,,,,,,,,,,,,,,,,,,,,,
2026-03-09,2026-03-09,1379452680603809,TSSAds,6951024653957,1,6953785406157,Test - New Traffic Ad set with recommended settings,6953785406357,1,0.08,6,6,0,0,,13.333333,0,,"[{""action_type"":""page_engagement"",""value"":""5""},{""action_type"":""post_engagement"",""value"":""5""},{""action_type"":""post_interaction_gross"",""value"":""1""},{""action_type"":""onsite_conversion.post_net_like"",""value"":""1""},{""action_type"":""video_view"",""value"":""4""},{""action_type"":""post_reaction"",""value"":""1""}]","[{""action_type"":""video_view"",""value"":""0.02""},{""action_type"":""post_interaction_gross"",""value"":""0.08""},{""action_type"":""post_engagement"",""value"":""0.016""},{""action_type"":""page_engagement"",""value"":""0.016""}]",65+,female,,,,1.0,,,,,5.0,,5.0,1.0,1.0,4.0,,,,,0.016,0.016,0.08,0.02
2026-03-09,2026-03-09,1379452680603809,TSSAds,6951024653957,1,6953785406157,Test - New Traffic Ad set with recommended settings,6953785406357,1,0.04,8,8,2,25,0.02,5,0,,"[{""action_type"":""link_click"",""value"":""2""},{""action_type"":""page_engagement"",""value"":""4""},{""action_type"":""post_engagement"",""value"":""4""},{""action_type"":""video_view"",""value"":""2""}]","[{""action_type"":""video_view"",""value"":""0.02""},{""action_type"":""link_click"",""value"":""0.02""},{""action_type"":""post_engagement"",""value"":""0.01""},{""action_type"":""page_engagement"",""value"":""0.01""}]",65+,male,2.0,,,,,,,,4.0,,4.0,,,2.0,0.02,,,,0.01,0.01,,0.02
2026-03-09,2026-03-09,1379452680603809,TSSAds,6953786714157,2,6953786714757,New Traffic Ad set with recommended settings,6953786714357,1,0.25,44,44,0,0,,5.681818,0,,"[{""action_type"":""page_engagement"",""value"":""17""},{""action_type"":""post_engagement"",""value"":""17""},{""action_type"":""post_interaction_gross"",""value"":""1""},{""action_type"":""post"",""value"":""1""},{""action_type"":""video_view"",""value"":""16""}]","[{""action_type"":""video_view"",""value"":""0.015625""},{""action_type"":""post_interaction_gross"",""value"":""0.25""},{""action_type"":""post_engagement"",""value"":""0.014706""},{""action_type"":""page_engagement"",""value"":""0.014706""}]",18-24,female,,,,,,,,,17.0,1.0,17.0,1.0,,16.0,,,,,0.014706,0.014706,0.25,0.015625
2026-03-09,2026-03-09,1379452680603809,TSSAds,6953786714157,2,6953786714757,New Traffic Ad set with recommended settings,6953786714357,1,0.17,30,30,1,3.333333,0.17,5.666667,0,,"[{""action_type"":""link_click"",""value"":""1""},{""action_type"":""page_engagement"",""value"":""15""},{""action_type"":""post_engagement"",""value"":""15""},{""action_type"":""post_interaction_gross"",""value"":""1""},{""action_type"":""post"",""value"":""1""},{""action_type"":""video_view"",""value"":""13""}]","[{""action_type"":""video_view"",""value"":""0.013077""},{""action_type"":""link_click"",""value"":""0.17""},{""action_type"":""post_interaction_gross"",""value"":""0.17""},{""action_type"":""post_engagement"",""value"":""0.011333""},{""action_type"":""page_engagement"",""value"":""0.011333""}]",18-24,male,1.0,,,,,,,,15.0,1.0,15.0,1.0,,13.0,0.17,,,,0.011333,0.011333,0.17,0.013077
2026-03-09,2026-03-09,1379452680603809,TSSAds,6953786714157,2,6953786714757,New Traffic Ad set with recommended settings,6953786714357,1,0.01,2,2,0,0,,5,0,,"[{""action_type"":""page_engagement"",""value"":""1""},{""action_type"":""post_engagement"",""value"":""1""},{""action_type"":""video_view"",""value"":""1""}]","[{""action_type"":""video_view"",""value"":""0.01""},{""action_type"":""post_engagement"",""value"":""0.01""},{""action_type"":""page_engagement"",""value"":""0.01""}]",18-24,unknown,,,,,,,,,1.0,,1.0,,,1.0,,,,,0.01,0.01,,0.01
2026-03-09,2026-03-09,1379452680603809,TSSAds,6953786714157,2,6953786714757,New Traffic Ad set with recommended settings,6953786714357,1,1.06,198,194,2,1.010101,0.53,5.353535,0,,"[{""action_type"":""link_click"",""value"":""2""},{""action_type"":""page_engagement"",""value"":""78""},{""action_type"":""onsite_conversion.post_unlike"",""value"":""1""},{""action_type"":""post_engagement"",""value"":""78""},{""action_type"":""post_interaction_gross"",""value"":""6""},{""action_type"":""post"",""value"":""2""},{""action_type"":""onsite_conversion.post_net_like"",""value"":""3""},{""action_type"":""video_view"",""value"":""70""},{""action_type"":""post_reaction"",""value"":""4""}]","[{""action_type"":""video_view"",""value"":""0.015143""},{""action_type"":""link_click"",""value"":""0.53""},{""action_type"":""post_interaction_gross"",""value"":""0.176667""},{""action_type"":""post_engagement"",""value"":""0.01359""},{""action_type"":""page_engagement"",""value"":""0.01359""}]",25-34,female,2.0,,,3.0,,,1.0,,78.0,2.0,78.0,6.0,4.0,70.0,0.53,,,,0.01359,0.01359,0.176667,0.015143
2026-03-09,2026-03-09,1379452680603809,TSSAds,6953786714157,2,6953786714757,New Traffic Ad set with recommended settings,6953786714357,1,0.57,116,114,2,1.724138,0.285,4.913793,0,,"[{""action_type"":""link_click"",""value"":""2""},{""action_type"":""page_engagement"",""value"":""37""},{""action_type"":""post_engagement"",""value"":""37""},{""action_type"":""video_view"",""value"":""35""}]","[{""action_type"":""video_view"",""value"":""0.016286""},{""action_type"":""link_click"",""value"":""0.285""},{""action_type"":""post_engagement"",""value"":""0.015405""},{""action_type"":""page_engagement"",""value"":""0.015405""}]",25-34,male,2.0,,,,,,,,37.0,,37.0,,,35.0,0.285,,,,0.015405,0.015405,,0.016286
2026-03-09,2026-03-09,1379452680603809,TSSAds,6953786714157,2,6953786714757,New Traffic Ad set with recommended settings,6953786714357,1,0.03,3,3,0,0,,10,0,,"[{""action_type"":""page_engagement"",""value"":""2""},{""action_type"":""post_engagement"",""value"":""2""},{""action_type"":""video_view"",""value"":""2""}]","[{""action_type"":""video_view"",""value"":""0.015""},{""action_type"":""post_engagement"",""value"":""0.015""},{""action_type"":""page_engagement"",""value"":""0.015""}]",25-34,unknown,,,,,,,,,2.0,,2.0,,,2.0,,,,,0.015,0.015,,0.015
2026-03-09,2026-03-09,1379452680603809,TSSAds,6953786714157,2,6953786714757,New Traffic Ad set with recommended settings,6953786714357,1,1.03,125,125,8,6.4,0.12875,8.24,0,,"[{""action_type"":""link_click"",""value"":""8""},{""action_type"":""page_engagement"",""value"":""59""},{""action_type"":""post_engagement"",""value"":""59""},{""action_type"":""video_view"",""value"":""51""}]","[{""action_type"":""video_view"",""value"":""0.020196""},{""action_type"":""link_click"",""value"":""0.12875""},{""action_type"":""post_engagement"",""value"":""0.017458""},{""action_type"":""page_engagement"",""value"":""0.017458""}]",35-44,female,8.0,,,,,,,,59.0,,59.0,,,51.0,0.12875,,,,0.017458,0.017458,,0.020196
2026-03-09,2026-03-09,1379452680603809,TSSAds,6953786714157,2,6953786714757,New Traffic Ad set with recommended settings,6953786714357,1,0.72,102,98,6,5.882353,0.12,7.058824,0,,"[{""action_type"":""link_click"",""value"":""6""},{""action_type"":""page_engagement"",""value"":""41""},{""action_type"":""post_engagement"",""value"":""41""},{""action_type"":""video_view"",""value"":""35""}]","[{""action_type"":""video_view"",""value"":""0.020571""},{""action_type"":""link_click"",""value"":""0.12""},{""action_type"":""post_engagement"",""value"":""0.017561""},{""action_type"":""page_engagement"",""value"":""0.017561""}]",35-44,male,6.0,,,,,,,,41.0,,41.0,,,35.0,0.12,,,,0.017561,0.017561,,0.020571
2026-03-09,2026-03-09,1379452680603809,TSSAds,6953786714157,2,6953786714757,New Traffic Ad set with recommended settings,6953786714357,1,0.02,3,3,0,0,,6.666667,0,,[],[],35-44,unknown,,,,,,,,,,,,,,,,,,,,,,
2026-03-09,2026-03-09,1379452680603809,TSSAds,6953786714157,2,6953786714757,New Traffic Ad set with recommended settings,6953786714357,1,0.45,44,44,3,6.818182,0.15,10.227273,0,,"[{""action_type"":""link_click"",""value"":""3""},{""action_type"":""page_engagement"",""value"":""25""},{""action_type"":""post_engagement"",""value"":""25""},{""action_type"":""post_interaction_gross"",""value"":""1""},{""action_type"":""onsite_conversion.post_net_like"",""value"":""1""},{""action_type"":""video_view"",""value"":""21""},{""action_type"":""post_reaction"",""value"":""1""}]","[{""action_type"":""video_view"",""value"":""0.021429""},{""action_type"":""link_click"",""value"":""0.15""},{""action_type"":""post_interaction_gross"",""value"":""0.45""},{""action_type"":""post_engagement"",""value"":""0.018""},{""action_type"":""page_engagement"",""value"":""0.018""}]",45-54,female,3.0,,,1.0,,,,,25.0,,25.0,1.0,1.0,21.0,0.15,,,,0.018,0.018,0.45,0.021429
2026-03-09,2026-03-09,1379452680603809,TSSAds,6953786714157,2,6953786714757,New Traffic Ad set with recommended settings,6953786714357,1,0.26,28,28,0,0,,9.285714,0,,"[{""action_type"":""page_engagement"",""value"":""12""},{""action_type"":""post_engagement"",""value"":""12""},{""action_type"":""video_view"",""value"":""12""}]","[{""action_type"":""video_view"",""value"":""0.021667""},{""action_type"":""post_engagement"",""value"":""0.021667""},{""action_type"":""page_engagement"",""value"":""0.021667""}]",45-54,male,,,,,,,,,12.0,,12.0,,,12.0,,,,,0.021667,0.021667,,0.021667
2026-03-09,2026-03-09,1379452680603809,TSSAds,6953786714157,2,6953786714757,New Traffic Ad set with recommended settings,6953786714357,1,0.03,2,2,0,0,,15,0,,"[{""action_type"":""page_engagement"",""value"":""1""},{""action_type"":""post_engagement"",""value"":""1""},{""action_type"":""video_view"",""value"":""1""}]","[{""action_type"":""video_view"",""value"":""0.03""},{""action_type"":""post_engagement"",""value"":""0.03""},{""action_type"":""page_engagement"",""value"":""0.03""}]",45-54,unknown,,,,,,,,,1.0,,1.0,,,1.0,,,,,0.03,0.03,,0.03
2026-03-09,2026-03-09,1379452680603809,TSSAds,6953786714157,2,6953786714757,New Traffic Ad set with recommended settings,6953786714357,1,0.09,9,9,0,0,,10,0,,"[{""action_type"":""page_engagement"",""value"":""5""},{""action_type"":""post_engagement"",""value"":""5""},{""action_type"":""post_interaction_gross"",""value"":""1""},{""action_type"":""onsite_conversion.post_net_like"",""value"":""1""},{""action_type"":""video_view"",""value"":""4""},{""action_type"":""post_reaction"",""value"":""1""}]","[{""action_type"":""video_view"",""value"":""0.0225""},{""action_type"":""post_interaction_gross"",""value"":""0.09""},{""action_type"":""post_engagement"",""value"":""0.018""},{""action_type"":""page_engagement"",""value"":""0.018""}]",55-64,female,,,,1.0,,,,,5.0,,5.0,1.0,1.0,4.0,,,,,0.018,0.018,0.09,0.0225
2026-03-09,2026-03-09,1379452680603809,TSSAds,6953786714157,2,6953786714757,New Traffic Ad set with recommended settings,6953786714357,1,0.06,12,12,0,0,,5,0,,"[{""action_type"":""page_engagement"",""value"":""5""},{""action_type"":""post_engagement"",""value"":""5""},{""action_type"":""video_view"",""value"":""5""}]","[{""action_type"":""video_view"",""value"":""0.012""},{""action_type"":""post_engagement"",""value"":""0.012""},{""action_type"":""page_engagement"",""value"":""0.012""}]",55-64,male,,,,,,,,,5.0,,5.0,,,5.0,,,,,0.012,0.012,,0.012
2026-03-09,2026-03-09,1379452680603809,TSSAds,6953786714157,2,6953786714757,New Traffic Ad set with recommended settings,6953786714357,1,0.06,8,8,1,12.5,0.06,7.5,0,,"[{""action_type"":""link_click"",""value"":""1""},{""action_type"":""page_engagement"",""value"":""6""},{""action_type"":""post_engagement"",""value"":""6""},{""action_type"":""video_view"",""value"":""5""}]","[{""action_type"":""video_view"",""value"":""0.012""},{""action_type"":""link_click"",""value"":""0.06""},{""action_type"":""post_engagement"",""value"":""0.01""},{""action_type"":""page_engagement"",""value"":""0.01""}]",65+,female,1.0,,,,,,,,6.0,,6.0,,,5.0,0.06,,,,0.01,0.01,,0.012
2026-03-09,2026-03-09,1379452680603809,TSSAds,6953786714157,2,6953786714757,New Traffic Ad set with recommended settings,6953786714357,1,0.01,4,4,0,0,,2.5,0,,"[{""action_type"":""page_engagement"",""value"":""2""},{""action_type"":""post_engagement"",""value"":""2""},{""action_type"":""video_view"",""value"":""2""}]","[{""action_type"":""video_view"",""value"":""0.005""},{""action_type"":""post_engagement"",""value"":""0.005""},{""action_type"":""page_engagement"",""value"":""0.005""}]",65+,male,,,,,,,,,2.0,,2.0,,,2.0,,,,,0.005,0.005,,0.005
2026-03-09,2026-03-09,1379452680603809,TSSAds,6953786714157,2,6953786714957,Test - New Traffic Ad set with recommended settings,6953786714557,1,0.41,79,79,7,8.860759,0.058571,5.189873,0,,"[{""action_type"":""link_click"",""value"":""7""},{""action_type"":""page_engagement"",""value"":""33""},{""action_type"":""post_engagement"",""value"":""33""},{""action_type"":""post_interaction_gross"",""value"":""2""},{""action_type"":""onsite_conversion.post_net_like"",""value"":""2""},{""action_type"":""video_view"",""value"":""24""},{""action_type"":""post_reaction"",""value"":""2""}]","[{""action_type"":""video_view"",""value"":""0.017083""},{""action_type"":""link_click"",""value"":""0.058571""},{""action_type"":""post_interaction_gross"",""value"":""0.205""},{""action_type"":""post_engagement"",""value"":""0.012424""},{""action_type"":""page_engagement"",""value"":""0.012424""}]",18-24,female,7.0,,,2.0,,,,,33.0,,33.0,2.0,2.0,24.0,0.058571,,,,0.012424,0.012424,0.205,0.017083
2026-03-09,2026-03-09,1379452680603809,TSSAds,6953786714157,2,6953786714957,Test - New Traffic Ad set with recommended settings,6953786714557,1,0.24,46,45,1,2.173913,0.24,5.217391,0,,"[{""action_type"":""link_click"",""value"":""1""},{""action_type"":""page_engagement"",""value"":""21""},{""action_type"":""post_engagement"",""value"":""21""},{""action_type"":""video_view"",""value"":""20""}]","[{""action_type"":""video_view"",""value"":""0.012""},{""action_type"":""link_click"",""value"":""0.24""},{""action_type"":""post_engagement"",""value"":""0.011429""},{""action_type"":""page_engagement"",""value"":""0.011429""}]",18-24,male,1.0,,,,,,,,21.0,,21.0,,,20.0,0.24,,,,0.011429,0.011429,,0.012
2026-03-09,2026-03-09,1379452680603809,TSSAds,6953786714157,2,6953786714957,Test - New Traffic Ad set with recommended settings,6953786714557,1,0.01,4,4,1,25,0.01,2.5,0,,"[{""action_type"":""link_click"",""value"":""1""},{""action_type"":""page_engagement"",""value"":""3""},{""action_type"":""post_engagement"",""value"":""3""},{""action_type"":""video_view"",""value"":""2""}]","[{""action_type"":""video_view"",""value"":""0.005""},{""action_type"":""link_click"",""value"":""0.01""},{""action_type"":""post_engagement"",""value"":""0.003333""},{""action_type"":""page_engagement"",""value"":""0.003333""}]",18-24,unknown,1.0,,,,,,,,3.0,,3.0,,,2.0,0.01,,,,0.003333,0.003333,,0.005
2026-03-09,2026-03-09,1379452680603809,TSSAds,6953786714157,2,6953786714957,Test - New Traffic Ad set with recommended settings,6953786714557,1,1.75,258,256,18,6.976744,0.097222,6.782946,0,,"[{""action_type"":""link_click"",""value"":""18""},{""action_type"":""page_engagement"",""value"":""117""},{""action_type"":""post_engagement"",""value"":""117""},{""action_type"":""post_interaction_gross"",""value"":""7""},{""action_type"":""post"",""value"":""1""},{""action_type"":""onsite_conversion.post_net_like"",""value"":""6""},{""action_type"":""video_view"",""value"":""92""},{""action_type"":""post_reaction"",""value"":""6""}]","[{""action_type"":""video_view"",""value"":""0.019022""},{""action_type"":""link_click"",""value"":""0.097222""},{""action_type"":""post_interaction_gross"",""value"":""0.25""},{""action_type"":""post_engagement"",""value"":""0.014957""},{""action_type"":""page_engagement"",""value"":""0.014957""}]",25-34,female,18.0,,,6.0,,,,,117.0,1.0,117.0,7.0,6.0,92.0,0.097222,,,,0.014957,0.014957,0.25,0.019022
2026-03-09,2026-03-09,1379452680603809,TSSAds,6953786714157,2,6953786714957,Test - New Traffic Ad set with recommended settings,6953786714557,1,1.42,265,261,21,7.924528,0.067619,5.358491,0,,"[{""action_type"":""link_click"",""value"":""22""},{""action_type"":""page_engagement"",""value"":""122""},{""action_type"":""post_engagement"",""value"":""122""},{""action_type"":""post_interaction_gross"",""value"":""8""},{""action_type"":""onsite_conversion.post_net_like"",""value"":""8""},{""action_type"":""video_view"",""value"":""92""},{""action_type"":""post_reaction"",""value"":""8""}]","[{""action_type"":""video_view"",""value"":""0.015435""},{""action_type"":""link_click"",""value"":""0.064545""},{""action_type"":""post_interaction_gross"",""value"":""0.1775""},{""action_type"":""post_engagement"",""value"":""0.011639""},{""action_type"":""page_engagement"",""value"":""0.011639""}]",25-34,male,22.0,,,8.0,,,,,122.0,,122.0,8.0,8.0,92.0,0.064545,,,,0.011639,0.011639,0.1775,0.015435
2026-03-09,2026-03-09,1379452680603809,TSSAds,6953786714157,2,6953786714957,Test - New Traffic Ad set with recommended settings,6953786714557,1,0.05,6,6,0,0,,8.333333,0,,"[{""action_type"":""page_engagement"",""value"":""1""},{""action_type"":""post_engagement"",""value"":""1""},{""action_type"":""video_view"",""value"":""1""}]","[{""action_type"":""video_view"",""value"":""0.05""},{""action_type"":""post_engagement"",""value"":""0.05""},{""action_type"":""page_engagement"",""value"":""0.05""}]",25-34,unknown,,,,,,,,,1.0,,1.0,,,1.0,,,,,0.05,0.05,,0.05
2026-03-09,2026-03-09,1379452680603809,TSSAds,6953786714157,2,6953786714957,Test - New Traffic Ad set with recommended settings,6953786714557,1,0.84,127,124,11,8.661417,0.076364,6.614173,0,,"[{""action_type"":""link_click"",""value"":""11""},{""action_type"":""page_engagement"",""value"":""64""},{""action_type"":""post_engagement"",""value"":""64""},{""action_type"":""post_interaction_gross"",""value"":""4""},{""action_type"":""onsite_conversion.post_net_like"",""value"":""4""},{""action_type"":""video_view"",""value"":""49""},{""action_type"":""post_reaction"",""value"":""4""}]","[{""action_type"":""video_view"",""value"":""0.017143""},{""action_type"":""link_click"",""value"":""0.076364""},{""action_type"":""post_interaction_gross"",""value"":""0.21""},{""action_type"":""post_engagement"",""value"":""0.013125""},{""action_type"":""page_engagement"",""value"":""0.013125""}]",35-44,female,11.0,,,4.0,,,,,64.0,,64.0,4.0,4.0,49.0,0.076364,,,,0.013125,0.013125,0.21,0.017143
2026-03-09,2026-03-09,1379452680603809,TSSAds,6953786714157,2,6953786714957,Test - New Traffic Ad set with recommended settings,6953786714557,1,1.31,153,153,14,9.150327,0.093571,8.562092,0,,"[{""action_type"":""link_click"",""value"":""14""},{""action_type"":""page_engagement"",""value"":""84""},{""action_type"":""post_engagement"",""value"":""84""},{""action_type"":""post_interaction_gross"",""value"":""3""},{""action_type"":""onsite_conversion.post_save"",""value"":""1""},{""action_type"":""onsite_conversion.post_net_like"",""value"":""2""},{""action_type"":""onsite_conversion.post_net_save"",""value"":""1""},{""action_type"":""video_view"",""value"":""67""},{""action_type"":""post_reaction"",""value"":""2""}]","[{""action_type"":""video_view"",""value"":""0.019552""},{""action_type"":""link_click"",""value"":""0.093571""},{""action_type"":""post_interaction_gross"",""value"":""0.436667""},{""action_type"":""post_engagement"",""value"":""0.015595""},{""action_type"":""page_engagement"",""value"":""0.015595""}]",35-44,male,14.0,,,2.0,1.0,1.0,,,84.0,,84.0,3.0,2.0,67.0,0.093571,,,,0.015595,0.015595,0.436667,0.019552
2026-03-09,2026-03-09,1379452680603809,TSSAds,6953786714157,2,6953786714957,Test - New Traffic Ad set with recommended settings,6953786714557,1,0.01,3,3,0,0,,3.333333,0,,"[{""action_type"":""page_engagement"",""value"":""1""},{""action_type"":""post_engagement"",""value"":""1""},{""action_type"":""video_view"",""value"":""1""}]","[{""action_type"":""video_view"",""value"":""0.01""},{""action_type"":""post_engagement"",""value"":""0.01""},{""action_type"":""page_engagement"",""value"":""0.01""}]",35-44,unknown,,,,,,,,,1.0,,1.0,,,1.0,,,,,0.01,0.01,,0.01
2026-03-09,2026-03-09,1379452680603809,TSSAds,6953786714157,2,6953786714957,Test - New Traffic Ad set with recommended settings,6953786714557,1,0.42,43,42,4,9.302326,0.105,9.767442,0,,"[{""action_type"":""link_click"",""value"":""4""},{""action_type"":""page_engagement"",""value"":""29""},{""action_type"":""post_engagement"",""value"":""29""},{""action_type"":""post_interaction_gross"",""value"":""1""},{""action_type"":""post"",""value"":""1""},{""action_type"":""video_view"",""value"":""24""}]","[{""action_type"":""video_view"",""value"":""0.0175""},{""action_type"":""link_click"",""value"":""0.105""},{""action_type"":""post_interaction_gross"",""value"":""0.42""},{""action_type"":""post_engagement"",""value"":""0.014483""},{""action_type"":""page_engagement"",""value"":""0.014483""}]",45-54,female,4.0,,,,,,,,29.0,1.0,29.0,1.0,,24.0,0.105,,,,0.014483,0.014483,0.42,0.0175
2026-03-09,2026-03-09,1379452680603809,TSSAds,6953786714157,2,6953786714957,Test - New Traffic Ad set with recommended settings,6953786714557,1,0.53,51,51,5,9.803922,0.106,10.392157,0,,"[{""action_type"":""link_click"",""value"":""5""},{""action_type"":""page_engagement"",""value"":""37""},{""action_type"":""post_engagement"",""value"":""37""},{""action_type"":""post_interaction_gross"",""value"":""1""},{""action_type"":""onsite_conversion.post_net_like"",""value"":""1""},{""action_type"":""video_view"",""value"":""31""},{""action_type"":""post_reaction"",""value"":""1""}]","[{""action_type"":""video_view"",""value"":""0.017097""},{""action_type"":""link_click"",""value"":""0.106""},{""action_type"":""post_interaction_gross"",""value"":""0.53""},{""action_type"":""post_engagement"",""value"":""0.014324""},{""action_type"":""page_engagement"",""value"":""0.014324""}]",45-54,male,5.0,,,1.0,,,,,37.0,,37.0,1.0,1.0,31.0,0.106,,,,0.014324,0.014324,0.53,0.017097
2026-03-09,2026-03-09,1379452680603809,TSSAds,6953786714157,2,6953786714957,Test - New Traffic Ad set with recommended settings,6953786714557,1,0.05,7,7,0,0,,7.142857,0,,"[{""action_type"":""page_engagement"",""value"":""2""},{""action_type"":""post_engagement"",""value"":""2""},{""action_type"":""video_view"",""value"":""2""}]","[{""action_type"":""video_view"",""value"":""0.025""},{""action_type"":""post_engagement"",""value"":""0.025""},{""action_type"":""page_engagement"",""value"":""0.025""}]",55-64,female,,,,,,,,,2.0,,2.0,,,2.0,,,,,0.025,0.025,,0.025
2026-03-09,2026-03-09,1379452680603809,TSSAds,6953786714157,2,6953786714957,Test - New Traffic Ad set with recommended settings,6953786714557,1,0.1,12,12,1,8.333333,0.1,8.333333,0,,"[{""action_type"":""link_click"",""value"":""1""},{""action_type"":""page_engagement"",""value"":""9""},{""action_type"":""post_engagement"",""value"":""9""},{""action_type"":""video_view"",""value"":""8""}]","[{""action_type"":""video_view"",""value"":""0.0125""},{""action_type"":""link_click"",""value"":""0.1""},{""action_type"":""post_engagement"",""value"":""0.011111""},{""action_type"":""page_engagement"",""value"":""0.011111""}]",55-64,male,1.0,,,,,,,,9.0,,9.0,,,8.0,0.1,,,,0.011111,0.011111,,0.0125
2026-03-09,2026-03-09,1379452680603809,TSSAds,6953786714157,2,6953786714957,Test - New Traffic Ad set with recommended settings,6953786714557,1,0.01,2,2,0,0,,5,0,,"[{""action_type"":""page_engagement"",""value"":""1""},{""action_type"":""post_engagement"",""value"":""1""},{""action_type"":""video_view"",""value"":""1""}]","[{""action_type"":""video_view"",""value"":""0.01""},{""action_type"":""post_engagement"",""value"":""0.01""},{""action_type"":""page_engagement"",""value"":""0.01""}]",55-64,unknown,,,,,,,,,1.0,,1.0,,,1.0,,,,,0.01,0.01,,0.01
2026-03-09,2026-03-09,1379452680603809,TSSAds,6953786714157,2,6953786714957,Test - New Traffic Ad set with recommended settings,6953786714557,1,0.03,7,7,0,0,,4.285714,0,,"[{""action_type"":""page_engagement"",""value"":""2""},{""action_type"":""post_engagement"",""value"":""2""},{""action_type"":""video_view"",""value"":""2""}]","[{""action_type"":""video_view"",""value"":""0.015""},{""action_type"":""post_engagement"",""value"":""0.015""},{""action_type"":""page_engagement"",""value"":""0.015""}]",65+,female,,,,,,,,,2.0,,2.0,,,2.0,,,,,0.015,0.015,,0.015
2026-03-09,2026-03-09,1379452680603809,TSSAds,6953786714157,2,6953786714957,Test - New Traffic Ad set with recommended settings,6953786714557,1,0.03,5,5,0,0,,6,0,,"[{""action_type"":""page_engagement"",""value"":""2""},{""action_type"":""post_engagement"",""value"":""2""},{""action_type"":""video_view"",""value"":""2""}]","[{""action_type"":""video_view"",""value"":""0.015""},{""action_type"":""post_engagement"",""value"":""0.015""},{""action_type"":""page_engagement"",""value"":""0.015""}]",65+,male,,,,,,,,,2.0,,2.0,,,2.0,,,,,0.015,0.015,,0.015
2026-03-10,2026-03-10,1379452680603809,TSSAds,6951024653957,1,6951024653757,New Traffic Ad set with recommended settings,6951024654157,1,0.162943,29,28,0,0,,5.618708,0,,"[{""action_type"":""page_engagement"",""value"":""10""},{""action_type"":""post_engagement"",""value"":""10""},{""action_type"":""video_view"",""value"":""10""}]","[{""action_type"":""video_view"",""value"":""0.016294""},{""action_type"":""post_engagement"",""value"":""0.016294""},{""action_type"":""page_engagement"",""value"":""0.016294""}]",18-24,female,,,,,,,,,10.0,,10.0,,,10.0,,,,,0.016294,0.016294,,0.016294
2026-03-10,2026-03-10,1379452680603809,TSSAds,6951024653957,1,6951024653757,New Traffic Ad set with recommended settings,6951024654157,1,0.193494,31,30,2,6.451613,0.096747,6.24175,0,,"[{""action_type"":""link_click"",""value"":""2""},{""action_type"":""page_engagement"",""value"":""10""},{""action_type"":""post_engagement"",""value"":""10""},{""action_type"":""video_view"",""value"":""8""}]","[{""action_type"":""video_view"",""value"":""0.024187""},{""action_type"":""link_click"",""value"":""0.096747""},{""action_type"":""post_engagement"",""value"":""0.019349""},{""action_type"":""page_engagement"",""value"":""0.019349""}]",18-24,male,2.0,,,,,,,,10.0,,10.0,,,8.0,0.096747,,,,0.019349,0.019349,,0.024187
2026-03-10,2026-03-10,1379452680603809,TSSAds,6951024653957,1,6951024653757,New Traffic Ad set with recommended settings,6951024654157,1,0.010184,3,3,0,0,,3.394636,0,,[],[],18-24,unknown,,,,,,,,,,,,,,,,,,,,,,
2026-03-10,2026-03-10,1379452680603809,TSSAds,6951024653957,1,6951024653757,New Traffic Ad set with recommended settings,6951024654157,1,0.733241,109,108,4,3.669725,0.18331,6.726985,0,,"[{""action_type"":""link_click"",""value"":""4""},{""action_type"":""page_engagement"",""value"":""48""},{""action_type"":""post_engagement"",""value"":""48""},{""action_type"":""post_interaction_gross"",""value"":""1""},{""action_type"":""onsite_conversion.post_net_like"",""value"":""1""},{""action_type"":""video_view"",""value"":""43""},{""action_type"":""post_reaction"",""value"":""1""}]","[{""action_type"":""video_view"",""value"":""0.017052""},{""action_type"":""link_click"",""value"":""0.18331""},{""action_type"":""post_interaction_gross"",""value"":""0.733241""},{""action_type"":""post_engagement"",""value"":""0.015276""},{""action_type"":""page_engagement"",""value"":""0.015276""}]",25-34,female,4.0,,,1.0,,,,,48.0,,48.0,1.0,1.0,43.0,0.18331,,,,0.015276,0.015276,0.733241,0.017052
2026-03-10,2026-03-10,1379452680603809,TSSAds,6951024653957,1,6951024653757,New Traffic Ad set with recommended settings,6951024654157,1,0.763793,136,136,9,6.617647,0.084866,5.616126,0,,"[{""action_type"":""link_click"",""value"":""9""},{""action_type"":""page_engagement"",""value"":""70""},{""action_type"":""post_engagement"",""value"":""70""},{""action_type"":""post_interaction_gross"",""value"":""3""},{""action_type"":""post"",""value"":""1""},{""action_type"":""onsite_conversion.post_net_like"",""value"":""2""},{""action_type"":""video_view"",""value"":""58""},{""action_type"":""post_reaction"",""value"":""2""}]","[{""action_type"":""video_view"",""value"":""0.013169""},{""action_type"":""link_click"",""value"":""0.084866""},{""action_type"":""post_interaction_gross"",""value"":""0.254598""},{""action_type"":""post_engagement"",""value"":""0.010911""},{""action_type"":""page_engagement"",""value"":""0.010911""}]",25-34,male,9.0,,,2.0,,,,,70.0,1.0,70.0,3.0,2.0,58.0,0.084866,,,,0.010911,0.010911,0.254598,0.013169
2026-03-10,2026-03-10,1379452680603809,TSSAds,6951024653957,1,6951024653757,New Traffic Ad set with recommended settings,6951024654157,1,0,1,1,0,0,,0,0,,[],[],25-34,unknown,,,,,,,,,,,,,,,,,,,,,,
2026-03-10,2026-03-10,1379452680603809,TSSAds,6951024653957,1,6951024653757,New Traffic Ad set with recommended settings,6951024654157,1,0.804529,92,92,7,7.608696,0.114933,8.744878,0,,"[{""action_type"":""link_click"",""value"":""7""},{""action_type"":""page_engagement"",""value"":""54""},{""action_type"":""post_engagement"",""value"":""54""},{""action_type"":""post_interaction_gross"",""value"":""4""},{""action_type"":""post"",""value"":""1""},{""action_type"":""onsite_conversion.post_save"",""value"":""1""},{""action_type"":""onsite_conversion.post_net_like"",""value"":""2""},{""action_type"":""onsite_conversion.post_net_save"",""value"":""1""},{""action_type"":""video_view"",""value"":""43""},{""action_type"":""post_reaction"",""value"":""2""}]","[{""action_type"":""video_view"",""value"":""0.01871""},{""action_type"":""link_click"",""value"":""0.114933""},{""action_type"":""post_interaction_gross"",""value"":""0.201132""},{""action_type"":""post_engagement"",""value"":""0.014899""},{""action_type"":""page_engagement"",""value"":""0.014899""}]",35-44,female,7.0,,,2.0,1.0,1.0,,,54.0,1.0,54.0,4.0,2.0,43.0,0.114933,,,,0.014899,0.014899,0.201132,0.01871
2026-03-10,2026-03-10,1379452680603809,TSSAds,6951024653957,1,6951024653757,New Traffic Ad set with recommended settings,6951024654157,1,0.967471,129,128,5,3.875969,0.193494,7.499777,0,,"[{""action_type"":""onsite_conversion.total_messaging_connection"",""value"":""1""},{""action_type"":""link_click"",""value"":""5""},{""action_type"":""page_engagement"",""value"":""65""},{""action_type"":""post_engagement"",""value"":""65""},{""action_type"":""post_interaction_gross"",""value"":""2""},{""action_type"":""onsite_conversion.post_net_like"",""value"":""2""},{""action_type"":""onsite_conversion.messaging_first_reply"",""value"":""1""},{""action_type"":""onsite_conversion.messaging_conversation_started_7d"",""value"":""1""},{""action_type"":""video_view"",""value"":""58""},{""action_type"":""post_reaction"",""value"":""2""}]","[{""action_type"":""onsite_conversion.total_messaging_connection"",""value"":""0.967471""},{""action_type"":""video_view"",""value"":""0.016681""},{""action_type"":""link_click"",""value"":""0.193494""},{""action_type"":""post_interaction_gross"",""value"":""0.483736""},{""action_type"":""post_engagement"",""value"":""0.014884""},{""action_type"":""page_engagement"",""value"":""0.014884""},{""action_type"":""onsite_conversion.messaging_first_reply"",""value"":""0.967471""},{""action_type"":""onsite_conversion.messaging_conversation_started_7d"",""value"":""0.967471""}]",35-44,male,5.0,1.0,1.0,2.0,,,,1.0,65.0,,65.0,2.0,2.0,58.0,0.193494,0.967471,0.967471,0.967471,0.014884,0.014884,0.483736,0.016681
2026-03-10,2026-03-10,1379452680603809,TSSAds,6951024653957,1,6951024653757,New Traffic Ad set with recommended settings,6951024654157,1,0.020368,1,1,0,0,,20.367816,0,,[],[],35-44,unknown,,,,,,,,,,,,,,,,,,,,,,
2026-03-10,2026-03-10,1379452680603809,TSSAds,6951024653957,1,6951024653757,New Traffic Ad set with recommended settings,6951024654157,1,0.203678,27,26,2,7.407407,0.101839,7.543636,0,,"[{""action_type"":""link_click"",""value"":""2""},{""action_type"":""page_engagement"",""value"":""20""},{""action_type"":""post_engagement"",""value"":""20""},{""action_type"":""video_view"",""value"":""18""}]","[{""action_type"":""video_view"",""value"":""0.011315""},{""action_type"":""link_click"",""value"":""0.101839""},{""action_type"":""post_engagement"",""value"":""0.010184""},{""action_type"":""page_engagement"",""value"":""0.010184""}]",45-54,female,2.0,,,,,,,,20.0,,20.0,,,18.0,0.101839,,,,0.010184,0.010184,,0.011315
2026-03-10,2026-03-10,1379452680603809,TSSAds,6951024653957,1,6951024653757,New Traffic Ad set with recommended settings,6951024654157,1,0.305517,43,42,2,4.651163,0.152759,7.105052,0,,"[{""action_type"":""link_click"",""value"":""2""},{""action_type"":""page_engagement"",""value"":""32""},{""action_type"":""post_engagement"",""value"":""32""},{""action_type"":""post_interaction_gross"",""value"":""4""},{""action_type"":""post"",""value"":""1""},{""action_type"":""onsite_conversion.post_net_like"",""value"":""3""},{""action_type"":""video_view"",""value"":""26""},{""action_type"":""post_reaction"",""value"":""3""}]","[{""action_type"":""video_view"",""value"":""0.011751""},{""action_type"":""link_click"",""value"":""0.152759""},{""action_type"":""post_interaction_gross"",""value"":""0.076379""},{""action_type"":""post_engagement"",""value"":""0.009547""},{""action_type"":""page_engagement"",""value"":""0.009547""}]",45-54,male,2.0,,,3.0,,,,,32.0,1.0,32.0,4.0,3.0,26.0,0.152759,,,,0.009547,0.009547,0.076379,0.011751
2026-03-10,2026-03-10,1379452680603809,TSSAds,6951024653957,1,6951024653757,New Traffic Ad set with recommended settings,6951024654157,1,0,1,1,0,0,,0,0,,"[{""action_type"":""page_engagement"",""value"":""1""},{""action_type"":""post_engagement"",""value"":""1""},{""action_type"":""video_view"",""value"":""1""}]","[{""action_type"":""video_view"",""value"":""0""},{""action_type"":""post_engagement"",""value"":""0""},{""action_type"":""page_engagement"",""value"":""0""}]",45-54,unknown,,,,,,,,,1.0,,1.0,,,1.0,,,,,0.0,0.0,,0.0
2026-03-10,2026-03-10,1379452680603809,TSSAds,6951024653957,1,6951024653757,New Traffic Ad set with recommended settings,6951024654157,1,0.091655,7,7,1,14.285714,0.091655,13.093596,0,,"[{""action_type"":""link_click"",""value"":""1""},{""action_type"":""page_engagement"",""value"":""7""},{""action_type"":""post_engagement"",""value"":""7""},{""action_type"":""video_view"",""value"":""6""}]","[{""action_type"":""video_view"",""value"":""0.015276""},{""action_type"":""link_click"",""value"":""0.091655""},{""action_type"":""post_engagement"",""value"":""0.013094""},{""action_type"":""page_engagement"",""value"":""0.013094""}]",55-64,female,1.0,,,,,,,,7.0,,7.0,,,6.0,0.091655,,,,0.013094,0.013094,,0.015276
2026-03-10,2026-03-10,1379452680603809,TSSAds,6951024653957,1,6951024653757,New Traffic Ad set with recommended settings,6951024654157,1,0.061103,8,8,0,0,,7.637931,0,,"[{""action_type"":""page_engagement"",""value"":""4""},{""action_type"":""post_engagement"",""value"":""4""},{""action_type"":""video_view"",""value"":""4""}]","[{""action_type"":""video_view"",""value"":""0.015276""},{""action_type"":""post_engagement"",""value"":""0.015276""},{""action_type"":""page_engagement"",""value"":""0.015276""}]",55-64,male,,,,,,,,,4.0,,4.0,,,4.0,,,,,0.015276,0.015276,,0.015276
2026-03-10,2026-03-10,1379452680603809,TSSAds,6951024653957,1,6951024653757,New Traffic Ad set with recommended settings,6951024654157,1,0.071287,8,8,1,12.5,0.071287,8.91092,0,,"[{""action_type"":""link_click"",""value"":""1""},{""action_type"":""page_engagement"",""value"":""4""},{""action_type"":""post_engagement"",""value"":""4""},{""action_type"":""video_view"",""value"":""3""}]","[{""action_type"":""video_view"",""value"":""0.023762""},{""action_type"":""link_click"",""value"":""0.071287""},{""action_type"":""post_engagement"",""value"":""0.017822""},{""action_type"":""page_engagement"",""value"":""0.017822""}]",65+,female,1.0,,,,,,,,4.0,,4.0,,,3.0,0.071287,,,,0.017822,0.017822,,0.023762
2026-03-10,2026-03-10,1379452680603809,TSSAds,6951024653957,1,6951024653757,New Traffic Ad set with recommended settings,6951024654157,1,0.040736,8,8,0,0,,5.091954,0,,"[{""action_type"":""page_engagement"",""value"":""5""},{""action_type"":""post_engagement"",""value"":""5""},{""action_type"":""video_view"",""value"":""5""}]","[{""action_type"":""video_view"",""value"":""0.008147""},{""action_type"":""post_engagement"",""value"":""0.008147""},{""action_type"":""page_engagement"",""value"":""0.008147""}]",65+,male,,,,,,,,,5.0,,5.0,,,5.0,,,,,0.008147,0.008147,,0.008147
2026-03-10,2026-03-10,1379452680603809,TSSAds,6951024653957,1,6953785406157,Test - New Traffic Ad set with recommended settings,6953785406357,1,0.112085,17,17,2,11.764706,0.056043,6.593253,0,,"[{""action_type"":""link_click"",""value"":""2""},{""action_type"":""page_engagement"",""value"":""13""},{""action_type"":""post_engagement"",""value"":""13""},{""action_type"":""post_interaction_gross"",""value"":""1""},{""action_type"":""onsite_conversion.post_net_like"",""value"":""1""},{""action_type"":""video_view"",""value"":""10""},{""action_type"":""post_reaction"",""value"":""1""}]","[{""action_type"":""video_view"",""value"":""0.011209""},{""action_type"":""link_click"",""value"":""0.056043""},{""action_type"":""post_interaction_gross"",""value"":""0.112085""},{""action_type"":""post_engagement"",""value"":""0.008622""},{""action_type"":""page_engagement"",""value"":""0.008622""}]",18-24,female,2.0,,,1.0,,,,,13.0,,13.0,1.0,1.0,10.0,0.056043,,,,0.008622,0.008622,0.112085,0.011209
2026-03-10,2026-03-10,1379452680603809,TSSAds,6951024653957,1,6953785406157,Test - New Traffic Ad set with recommended settings,6953785406357,1,0.101896,22,21,1,4.545455,0.101896,4.631624,0,,"[{""action_type"":""link_click"",""value"":""1""},{""action_type"":""page_engagement"",""value"":""10""},{""action_type"":""post_engagement"",""value"":""10""},{""action_type"":""post_interaction_gross"",""value"":""1""},{""action_type"":""onsite_conversion.post_net_like"",""value"":""1""},{""action_type"":""video_view"",""value"":""8""},{""action_type"":""post_reaction"",""value"":""1""}]","[{""action_type"":""video_view"",""value"":""0.012737""},{""action_type"":""link_click"",""value"":""0.101896""},{""action_type"":""post_interaction_gross"",""value"":""0.101896""},{""action_type"":""post_engagement"",""value"":""0.01019""},{""action_type"":""page_engagement"",""value"":""0.01019""}]",18-24,male,1.0,,,1.0,,,,,10.0,,10.0,1.0,1.0,8.0,0.101896,,,,0.01019,0.01019,0.101896,0.012737
2026-03-10,2026-03-10,1379452680603809,TSSAds,6951024653957,1,6953785406157,Test - New Traffic Ad set with recommended settings,6953785406357,1,0.050948,3,3,0,0,,16.982622,0,,"[{""action_type"":""page_engagement"",""value"":""1""},{""action_type"":""post_engagement"",""value"":""1""},{""action_type"":""video_view"",""value"":""1""}]","[{""action_type"":""video_view"",""value"":""0.050948""},{""action_type"":""post_engagement"",""value"":""0.050948""},{""action_type"":""page_engagement"",""value"":""0.050948""}]",18-24,unknown,,,,,,,,,1.0,,1.0,,,1.0,,,,,0.050948,0.050948,,0.050948
2026-03-10,2026-03-10,1379452680603809,TSSAds,6951024653957,1,6953785406157,Test - New Traffic Ad set with recommended settings,6953785406357,1,0.641943,109,105,8,7.33945,0.080243,5.889387,0,,"[{""action_type"":""link_click"",""value"":""10""},{""action_type"":""page_engagement"",""value"":""54""},{""action_type"":""post_engagement"",""value"":""54""},{""action_type"":""post_interaction_gross"",""value"":""4""},{""action_type"":""post"",""value"":""1""},{""action_type"":""onsite_conversion.post_save"",""value"":""1""},{""action_type"":""onsite_conversion.post_net_like"",""value"":""2""},{""action_type"":""onsite_conversion.post_net_save"",""value"":""1""},{""action_type"":""video_view"",""value"":""40""},{""action_type"":""post_reaction"",""value"":""2""}]","[{""action_type"":""video_view"",""value"":""0.016049""},{""action_type"":""link_click"",""value"":""0.064194""},{""action_type"":""post_interaction_gross"",""value"":""0.160486""},{""action_type"":""post_engagement"",""value"":""0.011888""},{""action_type"":""page_engagement"",""value"":""0.011888""}]",25-34,female,10.0,,,2.0,1.0,1.0,,,54.0,1.0,54.0,4.0,2.0,40.0,0.064194,,,,0.011888,0.011888,0.160486,0.016049
2026-03-10,2026-03-10,1379452680603809,TSSAds,6951024653957,1,6953785406157,Test - New Traffic Ad set with recommended settings,6953785406357,1,0.815166,141,135,5,3.546099,0.163033,5.781318,0,,"[{""action_type"":""link_click"",""value"":""5""},{""action_type"":""page_engagement"",""value"":""62""},{""action_type"":""post_engagement"",""value"":""62""},{""action_type"":""post_interaction_gross"",""value"":""5""},{""action_type"":""onsite_conversion.post_net_like"",""value"":""5""},{""action_type"":""video_view"",""value"":""52""},{""action_type"":""post_reaction"",""value"":""5""}]","[{""action_type"":""video_view"",""value"":""0.015676""},{""action_type"":""link_click"",""value"":""0.163033""},{""action_type"":""post_interaction_gross"",""value"":""0.163033""},{""action_type"":""post_engagement"",""value"":""0.013148""},{""action_type"":""page_engagement"",""value"":""0.013148""}]",25-34,male,5.0,,,5.0,,,,,62.0,,62.0,5.0,5.0,52.0,0.163033,,,,0.013148,0.013148,0.163033,0.015676
2026-03-10,2026-03-10,1379452680603809,TSSAds,6951024653957,1,6953785406157,Test - New Traffic Ad set with recommended settings,6953785406357,1,0.01019,1,1,0,0,,10.189573,0,,[],[],25-34,unknown,,,,,,,,,,,,,,,,,,,,,,
2026-03-10,2026-03-10,1379452680603809,TSSAds,6951024653957,1,6953785406157,Test - New Traffic Ad set with recommended settings,6953785406357,1,0.876303,91,89,9,9.89011,0.097367,9.629707,0,,"[{""action_type"":""link_click"",""value"":""9""},{""action_type"":""page_engagement"",""value"":""50""},{""action_type"":""post_engagement"",""value"":""50""},{""action_type"":""post_interaction_gross"",""value"":""1""},{""action_type"":""onsite_conversion.post_net_like"",""value"":""1""},{""action_type"":""video_view"",""value"":""40""},{""action_type"":""post_reaction"",""value"":""1""}]","[{""action_type"":""video_view"",""value"":""0.021908""},{""action_type"":""link_click"",""value"":""0.097367""},{""action_type"":""post_interaction_gross"",""value"":""0.876303""},{""action_type"":""post_engagement"",""value"":""0.017526""},{""action_type"":""page_engagement"",""value"":""0.017526""}]",35-44,female,9.0,,,1.0,,,,,50.0,,50.0,1.0,1.0,40.0,0.097367,,,,0.017526,0.017526,0.876303,0.021908
2026-03-10,2026-03-10,1379452680603809,TSSAds,6951024653957,1,6953785406157,Test - New Traffic Ad set with recommended settings,6953785406357,1,0.855924,120,117,4,3.333333,0.213981,7.132701,0,,"[{""action_type"":""link_click"",""value"":""4""},{""action_type"":""page_engagement"",""value"":""58""},{""action_type"":""post_engagement"",""value"":""58""},{""action_type"":""post_interaction_gross"",""value"":""1""},{""action_type"":""onsite_conversion.post_net_like"",""value"":""1""},{""action_type"":""video_view"",""value"":""53""},{""action_type"":""post_reaction"",""value"":""1""}]","[{""action_type"":""video_view"",""value"":""0.01615""},{""action_type"":""link_click"",""value"":""0.213981""},{""action_type"":""post_interaction_gross"",""value"":""0.855924""},{""action_type"":""post_engagement"",""value"":""0.014757""},{""action_type"":""page_engagement"",""value"":""0.014757""}]",35-44,male,4.0,,,1.0,,,,,58.0,,58.0,1.0,1.0,53.0,0.213981,,,,0.014757,0.014757,0.855924,0.01615
2026-03-10,2026-03-10,1379452680603809,TSSAds,6951024653957,1,6953785406157,Test - New Traffic Ad set with recommended settings,6953785406357,1,0.050948,5,5,0,0,,10.189573,0,,"[{""action_type"":""page_engagement"",""value"":""1""},{""action_type"":""post_engagement"",""value"":""1""},{""action_type"":""video_view"",""value"":""1""}]","[{""action_type"":""video_view"",""value"":""0.050948""},{""action_type"":""post_engagement"",""value"":""0.050948""},{""action_type"":""page_engagement"",""value"":""0.050948""}]",35-44,unknown,,,,,,,,,1.0,,1.0,,,1.0,,,,,0.050948,0.050948,,0.050948
2026-03-10,2026-03-10,1379452680603809,TSSAds,6951024653957,1,6953785406157,Test - New Traffic Ad set with recommended settings,6953785406357,1,0.275118,28,27,4,14.285714,0.06878,9.82566,0,,"[{""action_type"":""link_click"",""value"":""4""},{""action_type"":""page_engagement"",""value"":""22""},{""action_type"":""post_engagement"",""value"":""22""},{""action_type"":""video_view"",""value"":""18""}]","[{""action_type"":""video_view"",""value"":""0.015284""},{""action_type"":""link_click"",""value"":""0.06878""},{""action_type"":""post_engagement"",""value"":""0.012505""},{""action_type"":""page_engagement"",""value"":""0.012505""}]",45-54,female,4.0,,,,,,,,22.0,,22.0,,,18.0,0.06878,,,,0.012505,0.012505,,0.015284
2026-03-10,2026-03-10,1379452680603809,TSSAds,6951024653957,1,6953785406157,Test - New Traffic Ad set with recommended settings,6953785406357,1,0.213981,41,38,2,4.878049,0.106991,5.21905,0,,"[{""action_type"":""link_click"",""value"":""2""},{""action_type"":""page_engagement"",""value"":""16""},{""action_type"":""post_engagement"",""value"":""16""},{""action_type"":""post_interaction_gross"",""value"":""1""},{""action_type"":""onsite_conversion.post_net_like"",""value"":""1""},{""action_type"":""video_view"",""value"":""13""},{""action_type"":""post_reaction"",""value"":""1""}]","[{""action_type"":""video_view"",""value"":""0.01646""},{""action_type"":""link_click"",""value"":""0.106991""},{""action_type"":""post_interaction_gross"",""value"":""0.213981""},{""action_type"":""post_engagement"",""value"":""0.013374""},{""action_type"":""page_engagement"",""value"":""0.013374""}]",45-54,male,2.0,,,1.0,,,,,16.0,,16.0,1.0,1.0,13.0,0.106991,,,,0.013374,0.013374,0.213981,0.01646
2026-03-10,2026-03-10,1379452680603809,TSSAds,6951024653957,1,6953785406157,Test - New Traffic Ad set with recommended settings,6953785406357,1,0.071327,14,14,2,14.285714,0.035664,5.094787,0,,"[{""action_type"":""link_click"",""value"":""2""},{""action_type"":""page_engagement"",""value"":""9""},{""action_type"":""post_engagement"",""value"":""9""},{""action_type"":""video_view"",""value"":""7""}]","[{""action_type"":""video_view"",""value"":""0.01019""},{""action_type"":""link_click"",""value"":""0.035664""},{""action_type"":""post_engagement"",""value"":""0.007925""},{""action_type"":""page_engagement"",""value"":""0.007925""}]",55-64,female,2.0,,,,,,,,9.0,,9.0,,,7.0,0.035664,,,,0.007925,0.007925,,0.01019
2026-03-10,2026-03-10,1379452680603809,TSSAds,6951024653957,1,6953785406157,Test - New Traffic Ad set with recommended settings,6953785406357,1,0.101896,10,10,3,30,0.033965,10.189573,0,,"[{""action_type"":""link_click"",""value"":""3""},{""action_type"":""page_engagement"",""value"":""13""},{""action_type"":""post_engagement"",""value"":""13""},{""action_type"":""post_interaction_gross"",""value"":""1""},{""action_type"":""onsite_conversion.post_net_like"",""value"":""1""},{""action_type"":""video_view"",""value"":""9""},{""action_type"":""post_reaction"",""value"":""1""}]","[{""action_type"":""video_view"",""value"":""0.011322""},{""action_type"":""link_click"",""value"":""0.033965""},{""action_type"":""post_interaction_gross"",""value"":""0.101896""},{""action_type"":""post_engagement"",""value"":""0.007838""},{""action_type"":""page_engagement"",""value"":""0.007838""}]",55-64,male,3.0,,,1.0,,,,,13.0,,13.0,1.0,1.0,9.0,0.033965,,,,0.007838,0.007838,0.101896,0.011322
2026-03-10,2026-03-10,1379452680603809,TSSAds,6951024653957,1,6953785406157,Test - New Traffic Ad set with recommended settings,6953785406357,1,0.050948,7,7,0,0,,7.278267,0,,"[{""action_type"":""page_engagement"",""value"":""4""},{""action_type"":""post_engagement"",""value"":""4""},{""action_type"":""video_view"",""value"":""4""}]","[{""action_type"":""video_view"",""value"":""0.012737""},{""action_type"":""post_engagement"",""value"":""0.012737""},{""action_type"":""page_engagement"",""value"":""0.012737""}]",65+,female,,,,,,,,,4.0,,4.0,,,4.0,,,,,0.012737,0.012737,,0.012737
2026-03-10,2026-03-10,1379452680603809,TSSAds,6951024653957,1,6953785406157,Test - New Traffic Ad set with recommended settings,6953785406357,1,0.071327,10,10,0,0,,7.132701,0,,"[{""action_type"":""page_engagement"",""value"":""5""},{""action_type"":""post_engagement"",""value"":""5""},{""action_type"":""video_view"",""value"":""5""}]","[{""action_type"":""video_view"",""value"":""0.014265""},{""action_type"":""post_engagement"",""value"":""0.014265""},{""action_type"":""page_engagement"",""value"":""0.014265""}]",65+,male,,,,,,,,,5.0,,5.0,,,5.0,,,,,0.014265,0.014265,,0.014265
2026-03-10,2026-03-10,1379452680603809,TSSAds,6953786714157,2,6953786714757,New Traffic Ad set with recommended settings,6953786714357,1,0.195403,26,25,1,3.846154,0.195403,7.515494,0,,"[{""action_type"":""link_click"",""value"":""1""},{""action_type"":""page_engagement"",""value"":""14""},{""action_type"":""post_engagement"",""value"":""14""},{""action_type"":""video_view"",""value"":""13""}]","[{""action_type"":""video_view"",""value"":""0.015031""},{""action_type"":""link_click"",""value"":""0.195403""},{""action_type"":""post_engagement"",""value"":""0.013957""},{""action_type"":""page_engagement"",""value"":""0.013957""}]",18-24,female,1.0,,,,,,,,14.0,,14.0,,,13.0,0.195403,,,,0.013957,0.013957,,0.015031
2026-03-10,2026-03-10,1379452680603809,TSSAds,6953786714157,2,6953786714757,New Traffic Ad set with recommended settings,6953786714357,1,0.102844,12,12,0,0,,8.5703,0,,"[{""action_type"":""page_engagement"",""value"":""3""},{""action_type"":""post_engagement"",""value"":""3""},{""action_type"":""video_view"",""value"":""3""}]","[{""action_type"":""video_view"",""value"":""0.034281""},{""action_type"":""post_engagement"",""value"":""0.034281""},{""action_type"":""page_engagement"",""value"":""0.034281""}]",18-24,male,,,,,,,,,3.0,,3.0,,,3.0,,,,,0.034281,0.034281,,0.034281
2026-03-10,2026-03-10,1379452680603809,TSSAds,6953786714157,2,6953786714757,New Traffic Ad set with recommended settings,6953786714357,1,0,1,1,0,0,,0,0,,[],[],18-24,unknown,,,,,,,,,,,,,,,,,,,,,,
2026-03-10,2026-03-10,1379452680603809,TSSAds,6953786714157,2,6953786714757,New Traffic Ad set with recommended settings,6953786714357,1,1.018152,145,140,9,6.206897,0.113128,7.021736,0,,"[{""action_type"":""link_click"",""value"":""10""},{""action_type"":""page_engagement"",""value"":""64""},{""action_type"":""post_engagement"",""value"":""64""},{""action_type"":""post_interaction_gross"",""value"":""1""},{""action_type"":""onsite_conversion.post_net_like"",""value"":""1""},{""action_type"":""video_view"",""value"":""53""},{""action_type"":""post_reaction"",""value"":""1""}]","[{""action_type"":""video_view"",""value"":""0.01921""},{""action_type"":""link_click"",""value"":""0.101815""},{""action_type"":""post_interaction_gross"",""value"":""1.018152""},{""action_type"":""post_engagement"",""value"":""0.015909""},{""action_type"":""page_engagement"",""value"":""0.015909""}]",25-34,female,10.0,,,1.0,,,,,64.0,,64.0,1.0,1.0,53.0,0.101815,,,,0.015909,0.015909,1.018152,0.01921
2026-03-10,2026-03-10,1379452680603809,TSSAds,6953786714157,2,6953786714757,New Traffic Ad set with recommended settings,6953786714357,1,0.627346,89,83,3,3.370787,0.209115,7.048831,0,,"[{""action_type"":""link_click"",""value"":""3""},{""action_type"":""page_engagement"",""value"":""39""},{""action_type"":""post_engagement"",""value"":""39""},{""action_type"":""post_interaction_gross"",""value"":""1""},{""action_type"":""onsite_conversion.post_net_like"",""value"":""1""},{""action_type"":""video_view"",""value"":""35""},{""action_type"":""post_reaction"",""value"":""1""}]","[{""action_type"":""video_view"",""value"":""0.017924""},{""action_type"":""link_click"",""value"":""0.209115""},{""action_type"":""post_interaction_gross"",""value"":""0.627346""},{""action_type"":""post_engagement"",""value"":""0.016086""},{""action_type"":""page_engagement"",""value"":""0.016086""}]",25-34,male,3.0,,,1.0,,,,,39.0,,39.0,1.0,1.0,35.0,0.209115,,,,0.016086,0.016086,0.627346,0.017924
2026-03-10,2026-03-10,1379452680603809,TSSAds,6953786714157,2,6953786714757,New Traffic Ad set with recommended settings,6953786714357,1,0.010284,2,1,0,0,,5.14218,0,,[],[],25-34,unknown,,,,,,,,,,,,,,,,,,,,,,
2026-03-10,2026-03-10,1379452680603809,TSSAds,6953786714157,2,6953786714757,New Traffic Ad set with recommended settings,6953786714357,1,0.956446,99,96,3,3.030303,0.318815,9.661066,0,,"[{""action_type"":""link_click"",""value"":""3""},{""action_type"":""page_engagement"",""value"":""47""},{""action_type"":""post_engagement"",""value"":""47""},{""action_type"":""post_interaction_gross"",""value"":""3""},{""action_type"":""onsite_conversion.post_save"",""value"":""1""},{""action_type"":""onsite_conversion.post_net_like"",""value"":""2""},{""action_type"":""onsite_conversion.post_net_save"",""value"":""1""},{""action_type"":""video_view"",""value"":""41""},{""action_type"":""post_reaction"",""value"":""2""}]","[{""action_type"":""video_view"",""value"":""0.023328""},{""action_type"":""link_click"",""value"":""0.318815""},{""action_type"":""post_interaction_gross"",""value"":""0.318815""},{""action_type"":""post_engagement"",""value"":""0.02035""},{""action_type"":""page_engagement"",""value"":""0.02035""}]",35-44,female,3.0,,,2.0,1.0,1.0,,,47.0,,47.0,3.0,2.0,41.0,0.318815,,,,0.02035,0.02035,0.318815,0.023328
2026-03-10,2026-03-10,1379452680603809,TSSAds,6953786714157,2,6953786714757,New Traffic Ad set with recommended settings,6953786714357,1,0.73019,87,83,5,5.747126,0.146038,8.392984,0,,"[{""action_type"":""link_click"",""value"":""5""},{""action_type"":""page_engagement"",""value"":""33""},{""action_type"":""post_engagement"",""value"":""33""},{""action_type"":""video_view"",""value"":""28""}]","[{""action_type"":""video_view"",""value"":""0.026078""},{""action_type"":""link_click"",""value"":""0.146038""},{""action_type"":""post_engagement"",""value"":""0.022127""},{""action_type"":""page_engagement"",""value"":""0.022127""}]",35-44,male,5.0,,,,,,,,33.0,,33.0,,,28.0,0.146038,,,,0.022127,0.022127,,0.026078
2026-03-10,2026-03-10,1379452680603809,TSSAds,6953786714157,2,6953786714757,New Traffic Ad set with recommended settings,6953786714357,1,0.020569,1,1,0,0,,20.56872,0,,"[{""action_type"":""page_engagement"",""value"":""1""},{""action_type"":""post_engagement"",""value"":""1""},{""action_type"":""video_view"",""value"":""1""}]","[{""action_type"":""video_view"",""value"":""0.020569""},{""action_type"":""post_engagement"",""value"":""0.020569""},{""action_type"":""page_engagement"",""value"":""0.020569""}]",35-44,unknown,,,,,,,,,1.0,,1.0,,,1.0,,,,,0.020569,0.020569,,0.020569
2026-03-10,2026-03-10,1379452680603809,TSSAds,6953786714157,2,6953786714757,New Traffic Ad set with recommended settings,6953786714357,1,0.287962,36,34,2,5.555556,0.143981,7.998947,0,,"[{""action_type"":""link_click"",""value"":""2""},{""action_type"":""page_engagement"",""value"":""18""},{""action_type"":""post_engagement"",""value"":""18""},{""action_type"":""video_view"",""value"":""16""}]","[{""action_type"":""video_view"",""value"":""0.017998""},{""action_type"":""link_click"",""value"":""0.143981""},{""action_type"":""post_engagement"",""value"":""0.015998""},{""action_type"":""page_engagement"",""value"":""0.015998""}]",45-54,female,2.0,,,,,,,,18.0,,18.0,,,16.0,0.143981,,,,0.015998,0.015998,,0.017998
2026-03-10,2026-03-10,1379452680603809,TSSAds,6953786714157,2,6953786714757,New Traffic Ad set with recommended settings,6953786714357,1,0.16455,19,19,1,5.263158,0.16455,8.660514,0,,"[{""action_type"":""link_click"",""value"":""2""},{""action_type"":""page_engagement"",""value"":""9""},{""action_type"":""post_engagement"",""value"":""9""},{""action_type"":""video_view"",""value"":""7""}]","[{""action_type"":""video_view"",""value"":""0.023507""},{""action_type"":""link_click"",""value"":""0.082275""},{""action_type"":""post_engagement"",""value"":""0.018283""},{""action_type"":""page_engagement"",""value"":""0.018283""}]",45-54,male,2.0,,,,,,,,9.0,,9.0,,,7.0,0.082275,,,,0.018283,0.018283,,0.023507
2026-03-10,2026-03-10,1379452680603809,TSSAds,6953786714157,2,6953786714757,New Traffic Ad set with recommended settings,6953786714357,1,0.16455,15,15,1,6.666667,0.16455,10.969984,0,,"[{""action_type"":""link_click"",""value"":""1""},{""action_type"":""page_engagement"",""value"":""11""},{""action_type"":""post_engagement"",""value"":""11""},{""action_type"":""video_view"",""value"":""10""}]","[{""action_type"":""video_view"",""value"":""0.016455""},{""action_type"":""link_click"",""value"":""0.16455""},{""action_type"":""post_engagement"",""value"":""0.014959""},{""action_type"":""page_engagement"",""value"":""0.014959""}]",55-64,female,1.0,,,,,,,,11.0,,11.0,,,10.0,0.16455,,,,0.014959,0.014959,,0.016455
2026-03-10,2026-03-10,1379452680603809,TSSAds,6953786714157,2,6953786714757,New Traffic Ad set with recommended settings,6953786714357,1,0.041137,4,4,1,25,0.041137,10.28436,0,,"[{""action_type"":""link_click"",""value"":""1""},{""action_type"":""page_engagement"",""value"":""4""},{""action_type"":""post_engagement"",""value"":""4""},{""action_type"":""video_view"",""value"":""3""}]","[{""action_type"":""video_view"",""value"":""0.013712""},{""action_type"":""link_click"",""value"":""0.041137""},{""action_type"":""post_engagement"",""value"":""0.010284""},{""action_type"":""page_engagement"",""value"":""0.010284""}]",55-64,male,1.0,,,,,,,,4.0,,4.0,,,3.0,0.041137,,,,0.010284,0.010284,,0.013712
2026-03-10,2026-03-10,1379452680603809,TSSAds,6953786714157,2,6953786714757,New Traffic Ad set with recommended settings,6953786714357,1,0.041137,7,7,0,0,,5.876777,0,,"[{""action_type"":""page_engagement"",""value"":""4""},{""action_type"":""post_engagement"",""value"":""4""},{""action_type"":""video_view"",""value"":""4""}]","[{""action_type"":""video_view"",""value"":""0.010284""},{""action_type"":""post_engagement"",""value"":""0.010284""},{""action_type"":""page_engagement"",""value"":""0.010284""}]",65+,female,,,,,,,,,4.0,,4.0,,,4.0,,,,,0.010284,0.010284,,0.010284
2026-03-10,2026-03-10,1379452680603809,TSSAds,6953786714157,2,6953786714757,New Traffic Ad set with recommended settings,6953786714357,1,0.030853,2,2,0,0,,15.42654,0,,"[{""action_type"":""page_engagement"",""value"":""2""},{""action_type"":""post_engagement"",""value"":""2""},{""action_type"":""video_view"",""value"":""2""}]","[{""action_type"":""video_view"",""value"":""0.015427""},{""action_type"":""post_engagement"",""value"":""0.015427""},{""action_type"":""page_engagement"",""value"":""0.015427""}]",65+,male,,,,,,,,,2.0,,2.0,,,2.0,,,,,0.015427,0.015427,,0.015427
2026-03-10,2026-03-10,1379452680603809,TSSAds,6953786714157,2,6953786714957,Test - New Traffic Ad set with recommended settings,6953786714557,1,0.140931,19,19,1,5.263158,0.140931,7.417435,0,,"[{""action_type"":""link_click"",""value"":""1""},{""action_type"":""page_engagement"",""value"":""8""},{""action_type"":""post_engagement"",""value"":""8""},{""action_type"":""post_interaction_gross"",""value"":""1""},{""action_type"":""onsite_conversion.post_net_like"",""value"":""1""},{""action_type"":""video_view"",""value"":""6""},{""action_type"":""post_reaction"",""value"":""1""}]","[{""action_type"":""video_view"",""value"":""0.023489""},{""action_type"":""link_click"",""value"":""0.140931""},{""action_type"":""post_interaction_gross"",""value"":""0.140931""},{""action_type"":""post_engagement"",""value"":""0.017616""},{""action_type"":""page_engagement"",""value"":""0.017616""}]",18-24,female,1.0,,,1.0,,,,,8.0,,8.0,1.0,1.0,6.0,0.140931,,,,0.017616,0.017616,0.140931,0.023489
2026-03-10,2026-03-10,1379452680603809,TSSAds,6953786714157,2,6953786714957,Test - New Traffic Ad set with recommended settings,6953786714557,1,0.130865,24,24,0,0,,5.452698,0,,"[{""action_type"":""page_engagement"",""value"":""7""},{""action_type"":""post_engagement"",""value"":""7""},{""action_type"":""video_view"",""value"":""7""}]","[{""action_type"":""video_view"",""value"":""0.018695""},{""action_type"":""post_engagement"",""value"":""0.018695""},{""action_type"":""page_engagement"",""value"":""0.018695""}]",18-24,male,,,,,,,,,7.0,,7.0,,,7.0,,,,,0.018695,0.018695,,0.018695
2026-03-10,2026-03-10,1379452680603809,TSSAds,6953786714157,2,6953786714957,Test - New Traffic Ad set with recommended settings,6953786714557,1,0.010067,1,1,1,100,0.010067,10.066519,0,,"[{""action_type"":""link_click"",""value"":""1""},{""action_type"":""page_engagement"",""value"":""2""},{""action_type"":""post_engagement"",""value"":""2""},{""action_type"":""video_view"",""value"":""1""}]","[{""action_type"":""video_view"",""value"":""0.010067""},{""action_type"":""link_click"",""value"":""0.010067""},{""action_type"":""post_engagement"",""value"":""0.005033""},{""action_type"":""page_engagement"",""value"":""0.005033""}]",18-24,unknown,1.0,,,,,,,,2.0,,2.0,,,1.0,0.010067,,,,0.005033,0.005033,,0.010067
2026-03-10,2026-03-10,1379452680603809,TSSAds,6953786714157,2,6953786714957,Test - New Traffic Ad set with recommended settings,6953786714557,1,0.845588,110,109,10,9.090909,0.084559,7.68716,0,,"[{""action_type"":""link_click"",""value"":""10""},{""action_type"":""page_engagement"",""value"":""54""},{""action_type"":""post_engagement"",""value"":""54""},{""action_type"":""video_view"",""value"":""44""}]","[{""action_type"":""video_view"",""value"":""0.019218""},{""action_type"":""link_click"",""value"":""0.084559""},{""action_type"":""post_engagement"",""value"":""0.015659""},{""action_type"":""page_engagement"",""value"":""0.015659""}]",25-34,female,10.0,,,,,,,,54.0,,54.0,,,44.0,0.084559,,,,0.015659,0.015659,,0.019218
2026-03-10,2026-03-10,1379452680603809,TSSAds,6953786714157,2,6953786714957,Test - New Traffic Ad set with recommended settings,6953786714557,1,0.724789,134,132,8,5.970149,0.090599,5.408876,0,,"[{""action_type"":""link_click"",""value"":""8""},{""action_type"":""page_engagement"",""value"":""66""},{""action_type"":""post_engagement"",""value"":""66""},{""action_type"":""post_interaction_gross"",""value"":""4""},{""action_type"":""post"",""value"":""1""},{""action_type"":""onsite_conversion.post_net_like"",""value"":""3""},{""action_type"":""video_view"",""value"":""54""},{""action_type"":""post_reaction"",""value"":""3""}]","[{""action_type"":""video_view"",""value"":""0.013422""},{""action_type"":""link_click"",""value"":""0.090599""},{""action_type"":""post_interaction_gross"",""value"":""0.181197""},{""action_type"":""post_engagement"",""value"":""0.010982""},{""action_type"":""page_engagement"",""value"":""0.010982""}]",25-34,male,8.0,,,3.0,,,,,66.0,1.0,66.0,4.0,3.0,54.0,0.090599,,,,0.010982,0.010982,0.181197,0.013422
2026-03-10,2026-03-10,1379452680603809,TSSAds,6953786714157,2,6953786714957,Test - New Traffic Ad set with recommended settings,6953786714557,1,0.0302,3,3,2,66.666667,0.0151,10.066519,0,,"[{""action_type"":""link_click"",""value"":""2""},{""action_type"":""page_engagement"",""value"":""5""},{""action_type"":""post_engagement"",""value"":""5""},{""action_type"":""video_view"",""value"":""3""}]","[{""action_type"":""video_view"",""value"":""0.010067""},{""action_type"":""link_click"",""value"":""0.0151""},{""action_type"":""post_engagement"",""value"":""0.00604""},{""action_type"":""page_engagement"",""value"":""0.00604""}]",25-34,unknown,2.0,,,,,,,,5.0,,5.0,,,3.0,0.0151,,,,0.00604,0.00604,,0.010067
2026-03-10,2026-03-10,1379452680603809,TSSAds,6953786714157,2,6953786714957,Test - New Traffic Ad set with recommended settings,6953786714557,1,0.714723,77,76,5,6.493506,0.142945,9.282115,0,,"[{""action_type"":""link_click"",""value"":""4""},{""action_type"":""page_engagement"",""value"":""37""},{""action_type"":""post_engagement"",""value"":""37""},{""action_type"":""post_interaction_gross"",""value"":""1""},{""action_type"":""onsite_conversion.post_net_like"",""value"":""1""},{""action_type"":""video_view"",""value"":""32""},{""action_type"":""post_reaction"",""value"":""1""}]","[{""action_type"":""video_view"",""value"":""0.022335""},{""action_type"":""link_click"",""value"":""0.178681""},{""action_type"":""post_interaction_gross"",""value"":""0.714723""},{""action_type"":""post_engagement"",""value"":""0.019317""},{""action_type"":""page_engagement"",""value"":""0.019317""}]",35-44,female,4.0,,,1.0,,,,,37.0,,37.0,1.0,1.0,32.0,0.178681,,,,0.019317,0.019317,0.714723,0.022335
2026-03-10,2026-03-10,1379452680603809,TSSAds,6953786714157,2,6953786714957,Test - New Traffic Ad set with recommended settings,6953786714557,1,1.036851,136,133,17,12.5,0.060991,7.623908,0,,"[{""action_type"":""link_click"",""value"":""16""},{""action_type"":""page_engagement"",""value"":""105""},{""action_type"":""onsite_conversion.post_unlike"",""value"":""1""},{""action_type"":""post_engagement"",""value"":""105""},{""action_type"":""post_interaction_gross"",""value"":""9""},{""action_type"":""post"",""value"":""2""},{""action_type"":""onsite_conversion.post_net_like"",""value"":""6""},{""action_type"":""video_view"",""value"":""80""},{""action_type"":""post_reaction"",""value"":""7""}]","[{""action_type"":""video_view"",""value"":""0.012961""},{""action_type"":""link_click"",""value"":""0.064803""},{""action_type"":""post_interaction_gross"",""value"":""0.115206""},{""action_type"":""post_engagement"",""value"":""0.009875""},{""action_type"":""page_engagement"",""value"":""0.009875""}]",35-44,male,16.0,,,6.0,,,1.0,,105.0,2.0,105.0,9.0,7.0,80.0,0.064803,,,,0.009875,0.009875,0.115206,0.012961
2026-03-10,2026-03-10,1379452680603809,TSSAds,6953786714157,2,6953786714957,Test - New Traffic Ad set with recommended settings,6953786714557,1,0.010067,3,3,0,0,,3.355506,0,,"[{""action_type"":""page_engagement"",""value"":""2""},{""action_type"":""post_engagement"",""value"":""2""},{""action_type"":""video_view"",""value"":""2""}]","[{""action_type"":""video_view"",""value"":""0.005033""},{""action_type"":""post_engagement"",""value"":""0.005033""},{""action_type"":""page_engagement"",""value"":""0.005033""}]",35-44,unknown,,,,,,,,,2.0,,2.0,,,2.0,,,,,0.005033,0.005033,,0.005033
2026-03-10,2026-03-10,1379452680603809,TSSAds,6953786714157,2,6953786714957,Test - New Traffic Ad set with recommended settings,6953786714557,1,0.392594,37,35,1,2.702703,0.392594,10.610655,0,,"[{""action_type"":""link_click"",""value"":""1""},{""action_type"":""page_engagement"",""value"":""24""},{""action_type"":""post_engagement"",""value"":""24""},{""action_type"":""post_interaction_gross"",""value"":""2""},{""action_type"":""onsite_conversion.post_net_like"",""value"":""2""},{""action_type"":""video_view"",""value"":""21""},{""action_type"":""post_reaction"",""value"":""2""}]","[{""action_type"":""video_view"",""value"":""0.018695""},{""action_type"":""link_click"",""value"":""0.392594""},{""action_type"":""post_interaction_gross"",""value"":""0.196297""},{""action_type"":""post_engagement"",""value"":""0.016358""},{""action_type"":""page_engagement"",""value"":""0.016358""}]",45-54,female,1.0,,,2.0,,,,,24.0,,24.0,2.0,2.0,21.0,0.392594,,,,0.016358,0.016358,0.196297,0.018695
2026-03-10,2026-03-10,1379452680603809,TSSAds,6953786714157,2,6953786714957,Test - New Traffic Ad set with recommended settings,6953786714557,1,0.261729,39,38,2,5.128205,0.130865,6.711013,0,,"[{""action_type"":""link_click"",""value"":""2""},{""action_type"":""page_engagement"",""value"":""20""},{""action_type"":""post_engagement"",""value"":""20""},{""action_type"":""video_view"",""value"":""18""}]","[{""action_type"":""video_view"",""value"":""0.014541""},{""action_type"":""link_click"",""value"":""0.130865""},{""action_type"":""post_engagement"",""value"":""0.013086""},{""action_type"":""page_engagement"",""value"":""0.013086""}]",45-54,male,2.0,,,,,,,,20.0,,20.0,,,18.0,0.130865,,,,0.013086,0.013086,,0.014541
2026-03-10,2026-03-10,1379452680603809,TSSAds,6953786714157,2,6953786714957,Test - New Traffic Ad set with recommended settings,6953786714557,1,0,1,1,0,0,,0,0,,"[{""action_type"":""page_engagement"",""value"":""1""},{""action_type"":""post_engagement"",""value"":""1""},{""action_type"":""video_view"",""value"":""1""}]","[{""action_type"":""video_view"",""value"":""0""},{""action_type"":""post_engagement"",""value"":""0""},{""action_type"":""page_engagement"",""value"":""0""}]",45-54,unknown,,,,,,,,,1.0,,1.0,,,1.0,,,,,0.0,0.0,,0.0
2026-03-10,2026-03-10,1379452680603809,TSSAds,6953786714157,2,6953786714957,Test - New Traffic Ad set with recommended settings,6953786714557,1,0.070466,7,7,1,14.285714,0.070466,10.066519,0,,"[{""action_type"":""link_click"",""value"":""1""},{""action_type"":""page_engagement"",""value"":""4""},{""action_type"":""post_engagement"",""value"":""4""},{""action_type"":""video_view"",""value"":""3""}]","[{""action_type"":""video_view"",""value"":""0.023489""},{""action_type"":""link_click"",""value"":""0.070466""},{""action_type"":""post_engagement"",""value"":""0.017616""},{""action_type"":""page_engagement"",""value"":""0.017616""}]",55-64,female,1.0,,,,,,,,4.0,,4.0,,,3.0,0.070466,,,,0.017616,0.017616,,0.023489
2026-03-10,2026-03-10,1379452680603809,TSSAds,6953786714157,2,6953786714957,Test - New Traffic Ad set with recommended settings,6953786714557,1,0.080532,10,10,1,10,0.080532,8.053215,0,,"[{""action_type"":""link_click"",""value"":""1""},{""action_type"":""page_engagement"",""value"":""12""},{""action_type"":""post_engagement"",""value"":""12""},{""action_type"":""post_interaction_gross"",""value"":""2""},{""action_type"":""post"",""value"":""1""},{""action_type"":""onsite_conversion.post_net_like"",""value"":""1""},{""action_type"":""video_view"",""value"":""9""},{""action_type"":""post_reaction"",""value"":""1""}]","[{""action_type"":""video_view"",""value"":""0.008948""},{""action_type"":""link_click"",""value"":""0.080532""},{""action_type"":""post_interaction_gross"",""value"":""0.040266""},{""action_type"":""post_engagement"",""value"":""0.006711""},{""action_type"":""page_engagement"",""value"":""0.006711""}]",55-64,male,1.0,,,1.0,,,,,12.0,1.0,12.0,2.0,1.0,9.0,0.080532,,,,0.006711,0.006711,0.040266,0.008948
2026-03-10,2026-03-10,1379452680603809,TSSAds,6953786714157,2,6953786714957,Test - New Traffic Ad set with recommended settings,6953786714557,1,0.050333,8,8,1,12.5,0.050333,6.291574,0,,"[{""action_type"":""link_click"",""value"":""1""},{""action_type"":""page_engagement"",""value"":""6""},{""action_type"":""post_engagement"",""value"":""6""},{""action_type"":""video_view"",""value"":""5""}]","[{""action_type"":""video_view"",""value"":""0.010067""},{""action_type"":""link_click"",""value"":""0.050333""},{""action_type"":""post_engagement"",""value"":""0.008389""},{""action_type"":""page_engagement"",""value"":""0.008389""}]",65+,female,1.0,,,,,,,,6.0,,6.0,,,5.0,0.050333,,,,0.008389,0.008389,,0.010067
2026-03-10,2026-03-10,1379452680603809,TSSAds,6953786714157,2,6953786714957,Test - New Traffic Ad set with recommended settings,6953786714557,1,0.040266,4,4,0,0,,10.066519,0,,"[{""action_type"":""page_engagement"",""value"":""3""},{""action_type"":""post_engagement"",""value"":""3""},{""action_type"":""post_interaction_gross"",""value"":""1""},{""action_type"":""onsite_conversion.post_net_like"",""value"":""1""},{""action_type"":""video_view"",""value"":""2""},{""action_type"":""post_reaction"",""value"":""1""}]","[{""action_type"":""video_view"",""value"":""0.020133""},{""action_type"":""post_interaction_gross"",""value"":""0.040266""},{""action_type"":""post_engagement"",""value"":""0.013422""},{""action_type"":""page_engagement"",""value"":""0.013422""}]",65+,male,,,,1.0,,,,,3.0,,3.0,1.0,1.0,2.0,,,,,0.013422,0.013422,0.040266,0.020133
