date_start,date_stop,account_name,campaign_name,adset_name,ad_name,spend,impressions,reach,clicks,ctr,cpc,cpm,follows,cost_per_follow,actions_raw,cost_per_action_type_raw,region,action__link_click,action__onsite_conversion.messaging_first_reply,action__onsite_conversion.post_net_like,action__onsite_conversion.post_net_save,action__onsite_conversion.post_save,action__onsite_conversion.post_unlike,action__onsite_conversion.total_messaging_connection,action__page_engagement,action__post,action__post_engagement,action__post_interaction_gross,action__post_reaction,action__video_view,cost_per_action__link_click,cost_per_action__onsite_conversion.messaging_first_reply,cost_per_action__onsite_conversion.total_messaging_connection,cost_per_action__page_engagement,cost_per_action__post_engagement,cost_per_action__post_interaction_gross,cost_per_action__video_view
2026-03-08,2026-03-08,TSSAds,1,New Traffic Ad set with recommended settings,1,0.01,2,2,0,0,,5,0,,[],[],Alabama,,,,,,,,,,,,,,,,,,,,
2026-03-08,2026-03-08,TSSAds,1,New Traffic Ad set with recommended settings,1,0,2,2,0,0,,0,0,,"[{""action_type"":""page_engagement"",""value"":""1""},{""action_type"":""post_engagement"",""value"":""1""},{""action_type"":""video_view"",""value"":""1""}]","[{""action_type"":""video_view"",""value"":""0""},{""action_type"":""post_engagement"",""value"":""0""},{""action_type"":""page_engagement"",""value"":""0""}]",Arizona,,,,,,,,1.0,,1.0,,,1.0,,,,0.0,0.0,,0.0
2026-03-08,2026-03-08,TSSAds,1,New Traffic Ad set with recommended settings,1,0.96,153,152,3,1.960784,0.32,6.27451,0,,"[{""action_type"":""link_click"",""value"":""3""},{""action_type"":""page_engagement"",""value"":""53""},{""action_type"":""post_engagement"",""value"":""53""},{""action_type"":""post_interaction_gross"",""value"":""1""},{""action_type"":""onsite_conversion.post_net_like"",""value"":""1""},{""action_type"":""video_view"",""value"":""49""},{""action_type"":""post_reaction"",""value"":""1""}]","[{""action_type"":""video_view"",""value"":""0.019592""},{""action_type"":""link_click"",""value"":""0.32""},{""action_type"":""post_interaction_gross"",""value"":""0.96""},{""action_type"":""post_engagement"",""value"":""0.018113""},{""action_type"":""page_engagement"",""value"":""0.018113""}]",California,3.0,,1.0,,,,,53.0,,53.0,1.0,1.0,49.0,0.32,,,0.018113,0.018113,0.96,0.019592
2026-03-08,2026-03-08,TSSAds,1,New Traffic Ad set with recommended settings,1,0.04,7,7,0,0,,5.714286,0,,"[{""action_type"":""page_engagement"",""value"":""5""},{""action_type"":""post_engagement"",""value"":""5""},{""action_type"":""video_view"",""value"":""5""}]","[{""action_type"":""video_view"",""value"":""0.008""},{""action_type"":""post_engagement"",""value"":""0.008""},{""action_type"":""page_engagement"",""value"":""0.008""}]",Colorado,,,,,,,,5.0,,5.0,,,5.0,,,,0.008,0.008,,0.008
2026-03-08,2026-03-08,TSSAds,1,New Traffic Ad set with recommended settings,1,0.01,1,1,0,0,,10,0,,"[{""action_type"":""page_engagement"",""value"":""1""},{""action_type"":""post_engagement"",""value"":""1""},{""action_type"":""video_view"",""value"":""1""}]","[{""action_type"":""video_view"",""value"":""0.01""},{""action_type"":""post_engagement"",""value"":""0.01""},{""action_type"":""page_engagement"",""value"":""0.01""}]",Florida,,,,,,,,1.0,,1.0,,,1.0,,,,0.01,0.01,,0.01
2026-03-08,2026-03-08,TSSAds,1,New Traffic Ad set with recommended settings,1,0.01,2,2,0,0,,5,0,,[],[],Georgia,,,,,,,,,,,,,,,,,,,,
2026-03-08,2026-03-08,TSSAds,1,New Traffic Ad set with recommended settings,1,0.01,1,1,0,0,,10,0,,[],[],Indiana,,,,,,,,,,,,,,,,,,,,
2026-03-08,2026-03-08,TSSAds,1,New Traffic Ad set with recommended settings,1,0.01,2,2,0,0,,5,0,,"[{""action_type"":""page_engagement"",""value"":""1""},{""action_type"":""post_engagement"",""value"":""1""},{""action_type"":""video_view"",""value"":""1""}]","[{""action_type"":""video_view"",""value"":""0.01""},{""action_type"":""post_engagement"",""value"":""0.01""},{""action_type"":""page_engagement"",""value"":""0.01""}]",Massachusetts,,,,,,,,1.0,,1.0,,,1.0,,,,0.01,0.01,,0.01
2026-03-08,2026-03-08,TSSAds,1,New Traffic Ad set with recommended settings,1,0,1,1,0,0,,0,0,,[],[],Michigan,,,,,,,,,,,,,,,,,,,,
2026-03-08,2026-03-08,TSSAds,1,New Traffic Ad set with recommended settings,1,0.01,1,1,0,0,,10,0,,[],[],Minnesota,,,,,,,,,,,,,,,,,,,,
2026-03-08,2026-03-08,TSSAds,1,New Traffic Ad set with recommended settings,1,0,1,1,1,100,0,0,0,,"[{""action_type"":""link_click"",""value"":""1""},{""action_type"":""page_engagement"",""value"":""2""},{""action_type"":""post_engagement"",""value"":""2""},{""action_type"":""video_view"",""value"":""1""}]","[{""action_type"":""video_view"",""value"":""0""},{""action_type"":""link_click"",""value"":""0""},{""action_type"":""post_engagement"",""value"":""0""},{""action_type"":""page_engagement"",""value"":""0""}]",Mississippi,1.0,,,,,,,2.0,,2.0,,,1.0,0.0,,,0.0,0.0,,0.0
2026-03-08,2026-03-08,TSSAds,1,New Traffic Ad set with recommended settings,1,0,1,1,0,0,,0,0,,"[{""action_type"":""page_engagement"",""value"":""1""},{""action_type"":""post_engagement"",""value"":""1""},{""action_type"":""video_view"",""value"":""1""}]","[{""action_type"":""video_view"",""value"":""0""},{""action_type"":""post_engagement"",""value"":""0""},{""action_type"":""page_engagement"",""value"":""0""}]",Montana,,,,,,,,1.0,,1.0,,,1.0,,,,0.0,0.0,,0.0
2026-03-08,2026-03-08,TSSAds,1,New Traffic Ad set with recommended settings,1,0.02,4,4,0,0,,5,0,,"[{""action_type"":""page_engagement"",""value"":""2""},{""action_type"":""post_engagement"",""value"":""2""},{""action_type"":""video_view"",""value"":""2""}]","[{""action_type"":""video_view"",""value"":""0.01""},{""action_type"":""post_engagement"",""value"":""0.01""},{""action_type"":""page_engagement"",""value"":""0.01""}]",Nevada,,,,,,,,2.0,,2.0,,,2.0,,,,0.01,0.01,,0.01
2026-03-08,2026-03-08,TSSAds,1,New Traffic Ad set with recommended settings,1,0,1,1,0,0,,0,0,,"[{""action_type"":""page_engagement"",""value"":""1""},{""action_type"":""post_engagement"",""value"":""1""},{""action_type"":""video_view"",""value"":""1""}]","[{""action_type"":""video_view"",""value"":""0""},{""action_type"":""post_engagement"",""value"":""0""},{""action_type"":""page_engagement"",""value"":""0""}]",New Mexico,,,,,,,,1.0,,1.0,,,1.0,,,,0.0,0.0,,0.0
2026-03-08,2026-03-08,TSSAds,1,New Traffic Ad set with recommended settings,1,0.01,2,2,0,0,,5,0,,"[{""action_type"":""page_engagement"",""value"":""1""},{""action_type"":""post_engagement"",""value"":""1""},{""action_type"":""video_view"",""value"":""1""}]","[{""action_type"":""video_view"",""value"":""0.01""},{""action_type"":""post_engagement"",""value"":""0.01""},{""action_type"":""page_engagement"",""value"":""0.01""}]",New York,,,,,,,,1.0,,1.0,,,1.0,,,,0.01,0.01,,0.01
2026-03-08,2026-03-08,TSSAds,1,New Traffic Ad set with recommended settings,1,0,1,1,0,0,,0,0,,"[{""action_type"":""page_engagement"",""value"":""1""},{""action_type"":""post_engagement"",""value"":""1""},{""action_type"":""video_view"",""value"":""1""}]","[{""action_type"":""video_view"",""value"":""0""},{""action_type"":""post_engagement"",""value"":""0""},{""action_type"":""page_engagement"",""value"":""0""}]",North Carolina,,,,,,,,1.0,,1.0,,,1.0,,,,0.0,0.0,,0.0
2026-03-08,2026-03-08,TSSAds,1,New Traffic Ad set with recommended settings,1,0.01,2,2,0,0,,5,0,,"[{""action_type"":""page_engagement"",""value"":""1""},{""action_type"":""post_engagement"",""value"":""1""},{""action_type"":""video_view"",""value"":""1""}]","[{""action_type"":""video_view"",""value"":""0.01""},{""action_type"":""post_engagement"",""value"":""0.01""},{""action_type"":""page_engagement"",""value"":""0.01""}]",Ohio,,,,,,,,1.0,,1.0,,,1.0,,,,0.01,0.01,,0.01
2026-03-08,2026-03-08,TSSAds,1,New Traffic Ad set with recommended settings,1,0,1,1,0,0,,0,0,,[],[],Oregon,,,,,,,,,,,,,,,,,,,,
2026-03-08,2026-03-08,TSSAds,1,New Traffic Ad set with recommended settings,1,0.01,1,1,0,0,,10,0,,"[{""action_type"":""page_engagement"",""value"":""1""},{""action_type"":""post_engagement"",""value"":""1""},{""action_type"":""video_view"",""value"":""1""}]","[{""action_type"":""video_view"",""value"":""0.01""},{""action_type"":""post_engagement"",""value"":""0.01""},{""action_type"":""page_engagement"",""value"":""0.01""}]",Pennsylvania,,,,,,,,1.0,,1.0,,,1.0,,,,0.01,0.01,,0.01
2026-03-08,2026-03-08,TSSAds,1,New Traffic Ad set with recommended settings,1,0.01,1,1,1,100,0.01,10,0,,"[{""action_type"":""link_click"",""value"":""1""},{""action_type"":""page_engagement"",""value"":""2""},{""action_type"":""post_engagement"",""value"":""2""},{""action_type"":""video_view"",""value"":""1""}]","[{""action_type"":""video_view"",""value"":""0.01""},{""action_type"":""link_click"",""value"":""0.01""},{""action_type"":""post_engagement"",""value"":""0.005""},{""action_type"":""page_engagement"",""value"":""0.005""}]",Tennessee,1.0,,,,,,,2.0,,2.0,,,1.0,0.01,,,0.005,0.005,,0.01
2026-03-08,2026-03-08,TSSAds,1,New Traffic Ad set with recommended settings,1,0.03,3,3,0,0,,10,0,,"[{""action_type"":""page_engagement"",""value"":""3""},{""action_type"":""post_engagement"",""value"":""3""},{""action_type"":""post_interaction_gross"",""value"":""1""},{""action_type"":""onsite_conversion.post_save"",""value"":""1""},{""action_type"":""onsite_conversion.post_net_save"",""value"":""1""},{""action_type"":""video_view"",""value"":""2""}]","[{""action_type"":""video_view"",""value"":""0.015""},{""action_type"":""post_interaction_gross"",""value"":""0.03""},{""action_type"":""post_engagement"",""value"":""0.01""},{""action_type"":""page_engagement"",""value"":""0.01""}]",Texas,,,,1.0,1.0,,,3.0,,3.0,1.0,,2.0,,,,0.01,0.01,0.03,0.015
2026-03-08,2026-03-08,TSSAds,1,New Traffic Ad set with recommended settings,1,0,1,1,0,0,,0,0,,[],[],Utah,,,,,,,,,,,,,,,,,,,,
2026-03-08,2026-03-08,TSSAds,1,New Traffic Ad set with recommended settings,1,0.01,1,1,0,0,,10,0,,[],[],Virginia,,,,,,,,,,,,,,,,,,,,
2026-03-08,2026-03-08,TSSAds,1,New Traffic Ad set with recommended settings,1,0,2,2,0,0,,0,0,,"[{""action_type"":""page_engagement"",""value"":""2""},{""action_type"":""post_engagement"",""value"":""2""},{""action_type"":""video_view"",""value"":""2""}]","[{""action_type"":""video_view"",""value"":""0""},{""action_type"":""post_engagement"",""value"":""0""},{""action_type"":""page_engagement"",""value"":""0""}]",Washington,,,,,,,,2.0,,2.0,,,2.0,,,,0.0,0.0,,0.0
2026-03-08,2026-03-08,TSSAds,1,New Traffic Ad set with recommended settings,1,0,1,1,0,0,,0,0,,"[{""action_type"":""page_engagement"",""value"":""1""},{""action_type"":""post_engagement"",""value"":""1""},{""action_type"":""video_view"",""value"":""1""}]","[{""action_type"":""video_view"",""value"":""0""},{""action_type"":""post_engagement"",""value"":""0""},{""action_type"":""page_engagement"",""value"":""0""}]","Washington, District of Columbia",,,,,,,,1.0,,1.0,,,1.0,,,,0.0,0.0,,0.0
2026-03-08,2026-03-08,TSSAds,1,New Traffic Ad set with recommended settings,1,0,1,1,0,0,,0,0,,[],[],Wisconsin,,,,,,,,,,,,,,,,,,,,
2026-03-08,2026-03-08,TSSAds,1,Test - New Traffic Ad set with recommended settings,1,0.02,3,3,0,0,,6.666667,0,,"[{""action_type"":""page_engagement"",""value"":""2""},{""action_type"":""post_engagement"",""value"":""2""},{""action_type"":""video_view"",""value"":""2""}]","[{""action_type"":""video_view"",""value"":""0.01""},{""action_type"":""post_engagement"",""value"":""0.01""},{""action_type"":""page_engagement"",""value"":""0.01""}]",Arizona,,,,,,,,2.0,,2.0,,,2.0,,,,0.01,0.01,,0.01
2026-03-08,2026-03-08,TSSAds,1,Test - New Traffic Ad set with recommended settings,1,0.94,118,117,2,1.694915,0.47,7.966102,0,,"[{""action_type"":""link_click"",""value"":""2""},{""action_type"":""page_engagement"",""value"":""41""},{""action_type"":""post_engagement"",""value"":""41""},{""action_type"":""video_view"",""value"":""39""}]","[{""action_type"":""video_view"",""value"":""0.024103""},{""action_type"":""link_click"",""value"":""0.47""},{""action_type"":""post_engagement"",""value"":""0.022927""},{""action_type"":""page_engagement"",""value"":""0.022927""}]",California,2.0,,,,,,,41.0,,41.0,,,39.0,0.47,,,0.022927,0.022927,,0.024103
2026-03-08,2026-03-08,TSSAds,1,Test - New Traffic Ad set with recommended settings,1,0.04,6,6,0,0,,6.666667,0,,"[{""action_type"":""page_engagement"",""value"":""2""},{""action_type"":""post_engagement"",""value"":""2""},{""action_type"":""post_interaction_gross"",""value"":""1""},{""action_type"":""onsite_conversion.post_net_like"",""value"":""1""},{""action_type"":""video_view"",""value"":""1""},{""action_type"":""post_reaction"",""value"":""1""}]","[{""action_type"":""video_view"",""value"":""0.04""},{""action_type"":""post_interaction_gross"",""value"":""0.04""},{""action_type"":""post_engagement"",""value"":""0.02""},{""action_type"":""page_engagement"",""value"":""0.02""}]",Colorado,,,1.0,,,,,2.0,,2.0,1.0,1.0,1.0,,,,0.02,0.02,0.04,0.04
2026-03-08,2026-03-08,TSSAds,1,Test - New Traffic Ad set with recommended settings,1,0,1,1,0,0,,0,0,,[],[],Connecticut,,,,,,,,,,,,,,,,,,,,
2026-03-08,2026-03-08,TSSAds,1,Test - New Traffic Ad set with recommended settings,1,0.02,3,3,1,33.333333,0.02,6.666667,0,,"[{""action_type"":""link_click"",""value"":""1""},{""action_type"":""page_engagement"",""value"":""3""},{""action_type"":""post_engagement"",""value"":""3""},{""action_type"":""video_view"",""value"":""2""}]","[{""action_type"":""video_view"",""value"":""0.01""},{""action_type"":""link_click"",""value"":""0.02""},{""action_type"":""post_engagement"",""value"":""0.006667""},{""action_type"":""page_engagement"",""value"":""0.006667""}]",Florida,1.0,,,,,,,3.0,,3.0,,,2.0,0.02,,,0.006667,0.006667,,0.01
2026-03-08,2026-03-08,TSSAds,1,Test - New Traffic Ad set with recommended settings,1,0,1,1,0,0,,0,0,,"[{""action_type"":""page_engagement"",""value"":""1""},{""action_type"":""post_engagement"",""value"":""1""},{""action_type"":""video_view"",""value"":""1""}]","[{""action_type"":""video_view"",""value"":""0""},{""action_type"":""post_engagement"",""value"":""0""},{""action_type"":""page_engagement"",""value"":""0""}]",Idaho,,,,,,,,1.0,,1.0,,,1.0,,,,0.0,0.0,,0.0
2026-03-08,2026-03-08,TSSAds,1,Test - New Traffic Ad set with recommended settings,1,0,1,1,0,0,,0,0,,[],[],Illinois,,,,,,,,,,,,,,,,,,,,
2026-03-08,2026-03-08,TSSAds,1,Test - New Traffic Ad set with recommended settings,1,0,1,1,0,0,,0,0,,[],[],Kansas,,,,,,,,,,,,,,,,,,,,
2026-03-08,2026-03-08,TSSAds,1,Test - New Traffic Ad set with recommended settings,1,0,1,1,0,0,,0,0,,[],[],Louisiana,,,,,,,,,,,,,,,,,,,,
2026-03-08,2026-03-08,TSSAds,1,Test - New Traffic Ad set with recommended settings,1,0,1,1,1,100,0,0,0,,"[{""action_type"":""link_click"",""value"":""1""},{""action_type"":""page_engagement"",""value"":""3""},{""action_type"":""post_engagement"",""value"":""3""},{""action_type"":""post_interaction_gross"",""value"":""1""},{""action_type"":""onsite_conversion.post_net_like"",""value"":""1""},{""action_type"":""video_view"",""value"":""1""},{""action_type"":""post_reaction"",""value"":""1""}]","[{""action_type"":""video_view"",""value"":""0""},{""action_type"":""link_click"",""value"":""0""},{""action_type"":""post_interaction_gross"",""value"":""0""},{""action_type"":""post_engagement"",""value"":""0""},{""action_type"":""page_engagement"",""value"":""0""}]",Minnesota,1.0,,1.0,,,,,3.0,,3.0,1.0,1.0,1.0,0.0,,,0.0,0.0,0.0,0.0
2026-03-08,2026-03-08,TSSAds,1,Test - New Traffic Ad set with recommended settings,1,0,1,1,0,0,,0,0,,[],[],Mississippi,,,,,,,,,,,,,,,,,,,,
2026-03-08,2026-03-08,TSSAds,1,Test - New Traffic Ad set with recommended settings,1,0,1,1,0,0,,0,0,,"[{""action_type"":""page_engagement"",""value"":""1""},{""action_type"":""post_engagement"",""value"":""1""},{""action_type"":""video_view"",""value"":""1""}]","[{""action_type"":""video_view"",""value"":""0""},{""action_type"":""post_engagement"",""value"":""0""},{""action_type"":""page_engagement"",""value"":""0""}]",Nevada,,,,,,,,1.0,,1.0,,,1.0,,,,0.0,0.0,,0.0
2026-03-08,2026-03-08,TSSAds,1,Test - New Traffic Ad set with recommended settings,1,0,1,1,1,100,0,0,0,,"[{""action_type"":""link_click"",""value"":""1""},{""action_type"":""page_engagement"",""value"":""2""},{""action_type"":""post_engagement"",""value"":""2""},{""action_type"":""video_view"",""value"":""1""}]","[{""action_type"":""video_view"",""value"":""0""},{""action_type"":""link_click"",""value"":""0""},{""action_type"":""post_engagement"",""value"":""0""},{""action_type"":""page_engagement"",""value"":""0""}]",Pennsylvania,1.0,,,,,,,2.0,,2.0,,,1.0,0.0,,,0.0,0.0,,0.0
2026-03-08,2026-03-08,TSSAds,1,Test - New Traffic Ad set with recommended settings,1,0,1,1,0,0,,0,0,,"[{""action_type"":""page_engagement"",""value"":""1""},{""action_type"":""post_engagement"",""value"":""1""},{""action_type"":""video_view"",""value"":""1""}]","[{""action_type"":""video_view"",""value"":""0""},{""action_type"":""post_engagement"",""value"":""0""},{""action_type"":""page_engagement"",""value"":""0""}]",Tennessee,,,,,,,,1.0,,1.0,,,1.0,,,,0.0,0.0,,0.0
2026-03-08,2026-03-08,TSSAds,1,Test - New Traffic Ad set with recommended settings,1,0,4,4,0,0,,0,0,,"[{""action_type"":""page_engagement"",""value"":""2""},{""action_type"":""post_engagement"",""value"":""2""},{""action_type"":""video_view"",""value"":""2""}]","[{""action_type"":""video_view"",""value"":""0""},{""action_type"":""post_engagement"",""value"":""0""},{""action_type"":""page_engagement"",""value"":""0""}]",Texas,,,,,,,,2.0,,2.0,,,2.0,,,,0.0,0.0,,0.0
2026-03-08,2026-03-08,TSSAds,1,Test - New Traffic Ad set with recommended settings,1,0.01,1,1,0,0,,10,0,,[],[],Utah,,,,,,,,,,,,,,,,,,,,
2026-03-08,2026-03-08,TSSAds,1,Test - New Traffic Ad set with recommended settings,1,0,2,2,1,50,0,0,0,,"[{""action_type"":""link_click"",""value"":""1""},{""action_type"":""page_engagement"",""value"":""3""},{""action_type"":""post_engagement"",""value"":""3""},{""action_type"":""video_view"",""value"":""2""}]","[{""action_type"":""video_view"",""value"":""0""},{""action_type"":""link_click"",""value"":""0""},{""action_type"":""post_engagement"",""value"":""0""},{""action_type"":""page_engagement"",""value"":""0""}]",Virginia,1.0,,,,,,,3.0,,3.0,,,2.0,0.0,,,0.0,0.0,,0.0
2026-03-08,2026-03-08,TSSAds,1,Test - New Traffic Ad set with recommended settings,1,0.01,1,1,0,0,,10,0,,[],[],Washington,,,,,,,,,,,,,,,,,,,,
2026-03-08,2026-03-08,TSSAds,2,New Traffic Ad set with recommended settings,1,0,1,1,0,0,,0,0,,[],[],Arizona,,,,,,,,,,,,,,,,,,,,
2026-03-08,2026-03-08,TSSAds,2,New Traffic Ad set with recommended settings,1,0.23,45,45,1,2.222222,0.23,5.111111,0,,"[{""action_type"":""link_click"",""value"":""1""},{""action_type"":""page_engagement"",""value"":""16""},{""action_type"":""post_engagement"",""value"":""16""},{""action_type"":""video_view"",""value"":""15""}]","[{""action_type"":""video_view"",""value"":""0.015333""},{""action_type"":""link_click"",""value"":""0.23""},{""action_type"":""post_engagement"",""value"":""0.014375""},{""action_type"":""page_engagement"",""value"":""0.014375""}]",California,1.0,,,,,,,16.0,,16.0,,,15.0,0.23,,,0.014375,0.014375,,0.015333
2026-03-08,2026-03-08,TSSAds,2,New Traffic Ad set with recommended settings,1,0.01,1,1,0,0,,10,0,,[],[],Colorado,,,,,,,,,,,,,,,,,,,,
2026-03-08,2026-03-08,TSSAds,2,New Traffic Ad set with recommended settings,1,0.01,1,1,0,0,,10,0,,[],[],Tennessee,,,,,,,,,,,,,,,,,,,,
2026-03-08,2026-03-08,TSSAds,2,New Traffic Ad set with recommended settings,1,0.01,2,2,0,0,,5,0,,"[{""action_type"":""page_engagement"",""value"":""1""},{""action_type"":""post_engagement"",""value"":""1""},{""action_type"":""video_view"",""value"":""1""}]","[{""action_type"":""video_view"",""value"":""0.01""},{""action_type"":""post_engagement"",""value"":""0.01""},{""action_type"":""page_engagement"",""value"":""0.01""}]",Texas,,,,,,,,1.0,,1.0,,,1.0,,,,0.01,0.01,,0.01
2026-03-08,2026-03-08,TSSAds,2,Test - New Traffic Ad set with recommended settings,1,0,1,1,1,100,0,0,0,,"[{""action_type"":""link_click"",""value"":""1""},{""action_type"":""page_engagement"",""value"":""1""},{""action_type"":""post_engagement"",""value"":""1""}]","[{""action_type"":""link_click"",""value"":""0""},{""action_type"":""post_engagement"",""value"":""0""},{""action_type"":""page_engagement"",""value"":""0""}]",Alabama,1.0,,,,,,,1.0,,1.0,,,,0.0,,,0.0,0.0,,
2026-03-08,2026-03-08,TSSAds,2,Test - New Traffic Ad set with recommended settings,1,0.02,5,5,1,20,0.02,4,0,,"[{""action_type"":""link_click"",""value"":""1""},{""action_type"":""page_engagement"",""value"":""5""},{""action_type"":""post_engagement"",""value"":""5""},{""action_type"":""post_interaction_gross"",""value"":""1""},{""action_type"":""onsite_conversion.post_net_like"",""value"":""1""},{""action_type"":""video_view"",""value"":""3""},{""action_type"":""post_reaction"",""value"":""1""}]","[{""action_type"":""video_view"",""value"":""0.006667""},{""action_type"":""link_click"",""value"":""0.02""},{""action_type"":""post_interaction_gross"",""value"":""0.02""},{""action_type"":""post_engagement"",""value"":""0.004""},{""action_type"":""page_engagement"",""value"":""0.004""}]",Arizona,1.0,,1.0,,,,,5.0,,5.0,1.0,1.0,3.0,0.02,,,0.004,0.004,0.02,0.006667
2026-03-08,2026-03-08,TSSAds,2,Test - New Traffic Ad set with recommended settings,1,1.31,189,189,11,5.820106,0.119091,6.931217,0,,"[{""action_type"":""link_click"",""value"":""11""},{""action_type"":""page_engagement"",""value"":""91""},{""action_type"":""post_engagement"",""value"":""91""},{""action_type"":""post_interaction_gross"",""value"":""2""},{""action_type"":""post"",""value"":""1""},{""action_type"":""onsite_conversion.post_net_like"",""value"":""1""},{""action_type"":""video_view"",""value"":""78""},{""action_type"":""post_reaction"",""value"":""1""}]","[{""action_type"":""video_view"",""value"":""0.016795""},{""action_type"":""link_click"",""value"":""0.119091""},{""action_type"":""post_interaction_gross"",""value"":""0.655""},{""action_type"":""post_engagement"",""value"":""0.014396""},{""action_type"":""page_engagement"",""value"":""0.014396""}]",California,11.0,,1.0,,,,,91.0,1.0,91.0,2.0,1.0,78.0,0.119091,,,0.014396,0.014396,0.655,0.016795
2026-03-08,2026-03-08,TSSAds,2,Test - New Traffic Ad set with recommended settings,1,0.14,24,24,1,4.166667,0.14,5.833333,0,,"[{""action_type"":""link_click"",""value"":""1""},{""action_type"":""page_engagement"",""value"":""5""},{""action_type"":""post_engagement"",""value"":""5""},{""action_type"":""post_interaction_gross"",""value"":""1""},{""action_type"":""onsite_conversion.post_net_like"",""value"":""1""},{""action_type"":""video_view"",""value"":""3""},{""action_type"":""post_reaction"",""value"":""1""}]","[{""action_type"":""video_view"",""value"":""0.046667""},{""action_type"":""link_click"",""value"":""0.14""},{""action_type"":""post_interaction_gross"",""value"":""0.14""},{""action_type"":""post_engagement"",""value"":""0.028""},{""action_type"":""page_engagement"",""value"":""0.028""}]",Colorado,1.0,,1.0,,,,,5.0,,5.0,1.0,1.0,3.0,0.14,,,0.028,0.028,0.14,0.046667
2026-03-08,2026-03-08,TSSAds,2,Test - New Traffic Ad set with recommended settings,1,0.04,6,6,1,16.666667,0.04,6.666667,0,,"[{""action_type"":""link_click"",""value"":""1""},{""action_type"":""page_engagement"",""value"":""4""},{""action_type"":""post_engagement"",""value"":""4""},{""action_type"":""video_view"",""value"":""3""}]","[{""action_type"":""video_view"",""value"":""0.013333""},{""action_type"":""link_click"",""value"":""0.04""},{""action_type"":""post_engagement"",""value"":""0.01""},{""action_type"":""page_engagement"",""value"":""0.01""}]",Florida,1.0,,,,,,,4.0,,4.0,,,3.0,0.04,,,0.01,0.01,,0.013333
2026-03-08,2026-03-08,TSSAds,2,Test - New Traffic Ad set with recommended settings,1,0,1,1,0,0,,0,0,,"[{""action_type"":""page_engagement"",""value"":""1""},{""action_type"":""post_engagement"",""value"":""1""},{""action_type"":""video_view"",""value"":""1""}]","[{""action_type"":""video_view"",""value"":""0""},{""action_type"":""post_engagement"",""value"":""0""},{""action_type"":""page_engagement"",""value"":""0""}]",Idaho,,,,,,,,1.0,,1.0,,,1.0,,,,0.0,0.0,,0.0
2026-03-08,2026-03-08,TSSAds,2,Test - New Traffic Ad set with recommended settings,1,0.01,1,1,0,0,,10,0,,[],[],Illinois,,,,,,,,,,,,,,,,,,,,
2026-03-08,2026-03-08,TSSAds,2,Test - New Traffic Ad set with recommended settings,1,0.02,1,1,0,0,,20,0,,"[{""action_type"":""page_engagement"",""value"":""1""},{""action_type"":""post_engagement"",""value"":""1""},{""action_type"":""video_view"",""value"":""1""}]","[{""action_type"":""video_view"",""value"":""0.02""},{""action_type"":""post_engagement"",""value"":""0.02""},{""action_type"":""page_engagement"",""value"":""0.02""}]",Indiana,,,,,,,,1.0,,1.0,,,1.0,,,,0.02,0.02,,0.02
2026-03-08,2026-03-08,TSSAds,2,Test - New Traffic Ad set with recommended settings,1,0.01,1,1,0,0,,10,0,,"[{""action_type"":""page_engagement"",""value"":""1""},{""action_type"":""post_engagement"",""value"":""1""},{""action_type"":""video_view"",""value"":""1""}]","[{""action_type"":""video_view"",""value"":""0.01""},{""action_type"":""post_engagement"",""value"":""0.01""},{""action_type"":""page_engagement"",""value"":""0.01""}]",Kansas,,,,,,,,1.0,,1.0,,,1.0,,,,0.01,0.01,,0.01
2026-03-08,2026-03-08,TSSAds,2,Test - New Traffic Ad set with recommended settings,1,0.01,1,1,0,0,,10,0,,[],[],Kentucky,,,,,,,,,,,,,,,,,,,,
2026-03-08,2026-03-08,TSSAds,2,Test - New Traffic Ad set with recommended settings,1,0.01,1,1,0,0,,10,0,,[],[],Maine,,,,,,,,,,,,,,,,,,,,
2026-03-08,2026-03-08,TSSAds,2,Test - New Traffic Ad set with recommended settings,1,0,1,1,1,100,0,0,0,,"[{""action_type"":""link_click"",""value"":""1""},{""action_type"":""page_engagement"",""value"":""1""},{""action_type"":""post_engagement"",""value"":""1""}]","[{""action_type"":""link_click"",""value"":""0""},{""action_type"":""post_engagement"",""value"":""0""},{""action_type"":""page_engagement"",""value"":""0""}]",Massachusetts,1.0,,,,,,,1.0,,1.0,,,,0.0,,,0.0,0.0,,
2026-03-08,2026-03-08,TSSAds,2,Test - New Traffic Ad set with recommended settings,1,0.01,1,1,0,0,,10,0,,[],[],Minnesota,,,,,,,,,,,,,,,,,,,,
2026-03-08,2026-03-08,TSSAds,2,Test - New Traffic Ad set with recommended settings,1,0.01,1,1,0,0,,10,0,,"[{""action_type"":""page_engagement"",""value"":""1""},{""action_type"":""post_engagement"",""value"":""1""},{""action_type"":""video_view"",""value"":""1""}]","[{""action_type"":""video_view"",""value"":""0.01""},{""action_type"":""post_engagement"",""value"":""0.01""},{""action_type"":""page_engagement"",""value"":""0.01""}]",Missouri,,,,,,,,1.0,,1.0,,,1.0,,,,0.01,0.01,,0.01
2026-03-08,2026-03-08,TSSAds,2,Test - New Traffic Ad set with recommended settings,1,0.01,1,1,0,0,,10,0,,"[{""action_type"":""page_engagement"",""value"":""1""},{""action_type"":""post_engagement"",""value"":""1""},{""action_type"":""video_view"",""value"":""1""}]","[{""action_type"":""video_view"",""value"":""0.01""},{""action_type"":""post_engagement"",""value"":""0.01""},{""action_type"":""page_engagement"",""value"":""0.01""}]",Nebraska,,,,,,,,1.0,,1.0,,,1.0,,,,0.01,0.01,,0.01
2026-03-08,2026-03-08,TSSAds,2,Test - New Traffic Ad set with recommended settings,1,0.01,1,1,0,0,,10,0,,[],[],Nevada,,,,,,,,,,,,,,,,,,,,
2026-03-08,2026-03-08,TSSAds,2,Test - New Traffic Ad set with recommended settings,1,0.01,3,3,0,0,,3.333333,0,,"[{""action_type"":""page_engagement"",""value"":""1""},{""action_type"":""post_engagement"",""value"":""1""},{""action_type"":""video_view"",""value"":""1""}]","[{""action_type"":""video_view"",""value"":""0.01""},{""action_type"":""post_engagement"",""value"":""0.01""},{""action_type"":""page_engagement"",""value"":""0.01""}]",New Jersey,,,,,,,,1.0,,1.0,,,1.0,,,,0.01,0.01,,0.01
2026-03-08,2026-03-08,TSSAds,2,Test - New Traffic Ad set with recommended settings,1,0.01,2,2,1,50,0.01,5,0,,"[{""action_type"":""link_click"",""value"":""1""},{""action_type"":""page_engagement"",""value"":""2""},{""action_type"":""post_engagement"",""value"":""2""},{""action_type"":""video_view"",""value"":""1""}]","[{""action_type"":""video_view"",""value"":""0.01""},{""action_type"":""link_click"",""value"":""0.01""},{""action_type"":""post_engagement"",""value"":""0.005""},{""action_type"":""page_engagement"",""value"":""0.005""}]",New Mexico,1.0,,,,,,,2.0,,2.0,,,1.0,0.01,,,0.005,0.005,,0.01
2026-03-08,2026-03-08,TSSAds,2,Test - New Traffic Ad set with recommended settings,1,0.01,1,1,0,0,,10,0,,[],[],New York,,,,,,,,,,,,,,,,,,,,
2026-03-08,2026-03-08,TSSAds,2,Test - New Traffic Ad set with recommended settings,1,0.01,2,2,0,0,,5,0,,"[{""action_type"":""page_engagement"",""value"":""3""},{""action_type"":""post_engagement"",""value"":""3""},{""action_type"":""post_interaction_gross"",""value"":""1""},{""action_type"":""onsite_conversion.post_net_like"",""value"":""1""},{""action_type"":""video_view"",""value"":""2""},{""action_type"":""post_reaction"",""value"":""1""}]","[{""action_type"":""video_view"",""value"":""0.005""},{""action_type"":""post_interaction_gross"",""value"":""0.01""},{""action_type"":""post_engagement"",""value"":""0.003333""},{""action_type"":""page_engagement"",""value"":""0.003333""}]",North Carolina,,,1.0,,,,,3.0,,3.0,1.0,1.0,2.0,,,,0.003333,0.003333,0.01,0.005
2026-03-08,2026-03-08,TSSAds,2,Test - New Traffic Ad set with recommended settings,1,0,1,1,0,0,,0,0,,[],[],North Dakota,,,,,,,,,,,,,,,,,,,,
2026-03-08,2026-03-08,TSSAds,2,Test - New Traffic Ad set with recommended settings,1,0,3,3,0,0,,0,0,,"[{""action_type"":""page_engagement"",""value"":""1""},{""action_type"":""post_engagement"",""value"":""1""},{""action_type"":""video_view"",""value"":""1""}]","[{""action_type"":""video_view"",""value"":""0""},{""action_type"":""post_engagement"",""value"":""0""},{""action_type"":""page_engagement"",""value"":""0""}]",Ohio,,,,,,,,1.0,,1.0,,,1.0,,,,0.0,0.0,,0.0
2026-03-08,2026-03-08,TSSAds,2,Test - New Traffic Ad set with recommended settings,1,0.01,1,1,0,0,,10,0,,[],[],Oklahoma,,,,,,,,,,,,,,,,,,,,
2026-03-08,2026-03-08,TSSAds,2,Test - New Traffic Ad set with recommended settings,1,0.01,1,1,0,0,,10,0,,[],[],Oregon,,,,,,,,,,,,,,,,,,,,
2026-03-08,2026-03-08,TSSAds,2,Test - New Traffic Ad set with recommended settings,1,0.02,2,2,1,50,0.02,10,0,,"[{""action_type"":""link_click"",""value"":""1""},{""action_type"":""page_engagement"",""value"":""3""},{""action_type"":""post_engagement"",""value"":""3""},{""action_type"":""video_view"",""value"":""2""}]","[{""action_type"":""video_view"",""value"":""0.01""},{""action_type"":""link_click"",""value"":""0.02""},{""action_type"":""post_engagement"",""value"":""0.006667""},{""action_type"":""page_engagement"",""value"":""0.006667""}]",Pennsylvania,1.0,,,,,,,3.0,,3.0,,,2.0,0.02,,,0.006667,0.006667,,0.01
2026-03-08,2026-03-08,TSSAds,2,Test - New Traffic Ad set with recommended settings,1,0.08,10,10,0,0,,8,0,,"[{""action_type"":""page_engagement"",""value"":""5""},{""action_type"":""post_engagement"",""value"":""5""},{""action_type"":""video_view"",""value"":""5""}]","[{""action_type"":""video_view"",""value"":""0.016""},{""action_type"":""post_engagement"",""value"":""0.016""},{""action_type"":""page_engagement"",""value"":""0.016""}]",Texas,,,,,,,,5.0,,5.0,,,5.0,,,,0.016,0.016,,0.016
2026-03-08,2026-03-08,TSSAds,2,Test - New Traffic Ad set with recommended settings,1,0.01,2,2,0,0,,5,0,,"[{""action_type"":""page_engagement"",""value"":""1""},{""action_type"":""post_engagement"",""value"":""1""},{""action_type"":""video_view"",""value"":""1""}]","[{""action_type"":""video_view"",""value"":""0.01""},{""action_type"":""post_engagement"",""value"":""0.01""},{""action_type"":""page_engagement"",""value"":""0.01""}]",Utah,,,,,,,,1.0,,1.0,,,1.0,,,,0.01,0.01,,0.01
2026-03-08,2026-03-08,TSSAds,2,Test - New Traffic Ad set with recommended settings,1,0.01,1,1,1,100,0.01,10,0,,"[{""action_type"":""link_click"",""value"":""1""},{""action_type"":""page_engagement"",""value"":""2""},{""action_type"":""post_engagement"",""value"":""2""},{""action_type"":""video_view"",""value"":""1""}]","[{""action_type"":""video_view"",""value"":""0.01""},{""action_type"":""link_click"",""value"":""0.01""},{""action_type"":""post_engagement"",""value"":""0.005""},{""action_type"":""page_engagement"",""value"":""0.005""}]",Virginia,1.0,,,,,,,2.0,,2.0,,,1.0,0.01,,,0.005,0.005,,0.01
2026-03-08,2026-03-08,TSSAds,2,Test - New Traffic Ad set with recommended settings,1,0.02,2,2,0,0,,10,0,,"[{""action_type"":""page_engagement"",""value"":""1""},{""action_type"":""post_engagement"",""value"":""1""},{""action_type"":""video_view"",""value"":""1""}]","[{""action_type"":""video_view"",""value"":""0.02""},{""action_type"":""post_engagement"",""value"":""0.02""},{""action_type"":""page_engagement"",""value"":""0.02""}]",Washington,,,,,,,,1.0,,1.0,,,1.0,,,,0.02,0.02,,0.02
2026-03-08,2026-03-08,TSSAds,2,Test - New Traffic Ad set with recommended settings,1,0,1,1,0,0,,0,0,,[],[],Wisconsin,,,,,,,,,,,,,,,,,,,,
2026-03-09,2026-03-09,TSSAds,1,New Traffic Ad set with recommended settings,1,0.06,9,9,0,0,,6.666667,0,,"[{""action_type"":""page_engagement"",""value"":""4""},{""action_type"":""post_engagement"",""value"":""4""},{""action_type"":""video_view"",""value"":""4""}]","[{""action_type"":""video_view"",""value"":""0.015""},{""action_type"":""post_engagement"",""value"":""0.015""},{""action_type"":""page_engagement"",""value"":""0.015""}]",Alabama,,,,,,,,4.0,,4.0,,,4.0,,,,0.015,0.015,,0.015
2026-03-09,2026-03-09,TSSAds,1,New Traffic Ad set with recommended settings,1,0.13,25,25,1,4,0.13,5.2,0,,"[{""action_type"":""link_click"",""value"":""1""},{""action_type"":""page_engagement"",""value"":""11""},{""action_type"":""post_engagement"",""value"":""11""},{""action_type"":""post_interaction_gross"",""value"":""2""},{""action_type"":""post"",""value"":""1""},{""action_type"":""onsite_conversion.post_net_like"",""value"":""1""},{""action_type"":""video_view"",""value"":""8""},{""action_type"":""post_reaction"",""value"":""1""}]","[{""action_type"":""video_view"",""value"":""0.01625""},{""action_type"":""link_click"",""value"":""0.13""},{""action_type"":""post_interaction_gross"",""value"":""0.065""},{""action_type"":""post_engagement"",""value"":""0.011818""},{""action_type"":""page_engagement"",""value"":""0.011818""}]",Arizona,1.0,,1.0,,,,,11.0,1.0,11.0,2.0,1.0,8.0,0.13,,,0.011818,0.011818,0.065,0.01625
2026-03-09,2026-03-09,TSSAds,1,New Traffic Ad set with recommended settings,1,0.03,4,4,0,0,,7.5,0,,"[{""action_type"":""page_engagement"",""value"":""2""},{""action_type"":""post_engagement"",""value"":""2""},{""action_type"":""video_view"",""value"":""2""}]","[{""action_type"":""video_view"",""value"":""0.015""},{""action_type"":""post_engagement"",""value"":""0.015""},{""action_type"":""page_engagement"",""value"":""0.015""}]",Arkansas,,,,,,,,2.0,,2.0,,,2.0,,,,0.015,0.015,,0.015
2026-03-09,2026-03-09,TSSAds,1,New Traffic Ad set with recommended settings,1,2.81,395,395,16,4.050633,0.175625,7.113924,0,,"[{""action_type"":""link_click"",""value"":""15""},{""action_type"":""page_engagement"",""value"":""174""},{""action_type"":""post_engagement"",""value"":""174""},{""action_type"":""post_interaction_gross"",""value"":""9""},{""action_type"":""post"",""value"":""2""},{""action_type"":""onsite_conversion.post_net_like"",""value"":""7""},{""action_type"":""video_view"",""value"":""150""},{""action_type"":""post_reaction"",""value"":""7""}]","[{""action_type"":""video_view"",""value"":""0.018733""},{""action_type"":""link_click"",""value"":""0.187333""},{""action_type"":""post_interaction_gross"",""value"":""0.312222""},{""action_type"":""post_engagement"",""value"":""0.016149""},{""action_type"":""page_engagement"",""value"":""0.016149""}]",California,15.0,,7.0,,,,,174.0,2.0,174.0,9.0,7.0,150.0,0.187333,,,0.016149,0.016149,0.312222,0.018733
2026-03-09,2026-03-09,TSSAds,1,New Traffic Ad set with recommended settings,1,0.37,55,54,0,0,,6.727273,0,,"[{""action_type"":""page_engagement"",""value"":""13""},{""action_type"":""post_engagement"",""value"":""13""},{""action_type"":""video_view"",""value"":""13""}]","[{""action_type"":""video_view"",""value"":""0.028462""},{""action_type"":""post_engagement"",""value"":""0.028462""},{""action_type"":""page_engagement"",""value"":""0.028462""}]",Colorado,,,,,,,,13.0,,13.0,,,13.0,,,,0.028462,0.028462,,0.028462
2026-03-09,2026-03-09,TSSAds,1,New Traffic Ad set with recommended settings,1,0.03,9,9,0,0,,3.333333,0,,"[{""action_type"":""page_engagement"",""value"":""4""},{""action_type"":""post_engagement"",""value"":""4""},{""action_type"":""video_view"",""value"":""4""}]","[{""action_type"":""video_view"",""value"":""0.0075""},{""action_type"":""post_engagement"",""value"":""0.0075""},{""action_type"":""page_engagement"",""value"":""0.0075""}]",Connecticut,,,,,,,,4.0,,4.0,,,4.0,,,,0.0075,0.0075,,0.0075
2026-03-09,2026-03-09,TSSAds,1,New Traffic Ad set with recommended settings,1,0.01,3,3,0,0,,3.333333,0,,"[{""action_type"":""page_engagement"",""value"":""1""},{""action_type"":""post_engagement"",""value"":""1""},{""action_type"":""video_view"",""value"":""1""}]","[{""action_type"":""video_view"",""value"":""0.01""},{""action_type"":""post_engagement"",""value"":""0.01""},{""action_type"":""page_engagement"",""value"":""0.01""}]",Delaware,,,,,,,,1.0,,1.0,,,1.0,,,,0.01,0.01,,0.01
2026-03-09,2026-03-09,TSSAds,1,New Traffic Ad set with recommended settings,1,0.41,66,64,4,6.060606,0.1025,6.212121,0,,"[{""action_type"":""link_click"",""value"":""4""},{""action_type"":""page_engagement"",""value"":""36""},{""action_type"":""post_engagement"",""value"":""36""},{""action_type"":""post_interaction_gross"",""value"":""3""},{""action_type"":""onsite_conversion.post_net_like"",""value"":""3""},{""action_type"":""video_view"",""value"":""29""},{""action_type"":""post_reaction"",""value"":""3""}]","[{""action_type"":""video_view"",""value"":""0.014138""},{""action_type"":""link_click"",""value"":""0.1025""},{""action_type"":""post_interaction_gross"",""value"":""0.136667""},{""action_type"":""post_engagement"",""value"":""0.011389""},{""action_type"":""page_engagement"",""value"":""0.011389""}]",Florida,4.0,,3.0,,,,,36.0,,36.0,3.0,3.0,29.0,0.1025,,,0.011389,0.011389,0.136667,0.014138
2026-03-09,2026-03-09,TSSAds,1,New Traffic Ad set with recommended settings,1,0.13,12,12,2,16.666667,0.065,10.833333,0,,"[{""action_type"":""link_click"",""value"":""2""},{""action_type"":""page_engagement"",""value"":""7""},{""action_type"":""post_engagement"",""value"":""7""},{""action_type"":""post_interaction_gross"",""value"":""1""},{""action_type"":""post"",""value"":""1""},{""action_type"":""video_view"",""value"":""4""}]","[{""action_type"":""video_view"",""value"":""0.0325""},{""action_type"":""link_click"",""value"":""0.065""},{""action_type"":""post_interaction_gross"",""value"":""0.13""},{""action_type"":""post_engagement"",""value"":""0.018571""},{""action_type"":""page_engagement"",""value"":""0.018571""}]",Georgia,2.0,,,,,,,7.0,1.0,7.0,1.0,,4.0,0.065,,,0.018571,0.018571,0.13,0.0325
2026-03-09,2026-03-09,TSSAds,1,New Traffic Ad set with recommended settings,1,0.02,4,4,0,0,,5,0,,"[{""action_type"":""page_engagement"",""value"":""2""},{""action_type"":""post_engagement"",""value"":""2""},{""action_type"":""video_view"",""value"":""2""}]","[{""action_type"":""video_view"",""value"":""0.01""},{""action_type"":""post_engagement"",""value"":""0.01""},{""action_type"":""page_engagement"",""value"":""0.01""}]",Hawaii,,,,,,,,2.0,,2.0,,,2.0,,,,0.01,0.01,,0.01
2026-03-09,2026-03-09,TSSAds,1,New Traffic Ad set with recommended settings,1,0.01,2,2,0,0,,5,0,,[],[],Idaho,,,,,,,,,,,,,,,,,,,,
2026-03-09,2026-03-09,TSSAds,1,New Traffic Ad set with recommended settings,1,0.05,7,7,0,0,,7.142857,0,,"[{""action_type"":""page_engagement"",""value"":""2""},{""action_type"":""post_engagement"",""value"":""2""},{""action_type"":""video_view"",""value"":""2""}]","[{""action_type"":""video_view"",""value"":""0.025""},{""action_type"":""post_engagement"",""value"":""0.025""},{""action_type"":""page_engagement"",""value"":""0.025""}]",Illinois,,,,,,,,2.0,,2.0,,,2.0,,,,0.025,0.025,,0.025
2026-03-09,2026-03-09,TSSAds,1,New Traffic Ad set with recommended settings,1,0.04,6,6,0,0,,6.666667,0,,"[{""action_type"":""page_engagement"",""value"":""2""},{""action_type"":""post_engagement"",""value"":""2""},{""action_type"":""video_view"",""value"":""2""}]","[{""action_type"":""video_view"",""value"":""0.02""},{""action_type"":""post_engagement"",""value"":""0.02""},{""action_type"":""page_engagement"",""value"":""0.02""}]",Indiana,,,,,,,,2.0,,2.0,,,2.0,,,,0.02,0.02,,0.02
2026-03-09,2026-03-09,TSSAds,1,New Traffic Ad set with recommended settings,1,0.01,5,5,0,0,,2,0,,"[{""action_type"":""page_engagement"",""value"":""3""},{""action_type"":""post_engagement"",""value"":""3""},{""action_type"":""video_view"",""value"":""3""}]","[{""action_type"":""video_view"",""value"":""0.003333""},{""action_type"":""post_engagement"",""value"":""0.003333""},{""action_type"":""page_engagement"",""value"":""0.003333""}]",Kentucky,,,,,,,,3.0,,3.0,,,3.0,,,,0.003333,0.003333,,0.003333
2026-03-09,2026-03-09,TSSAds,1,New Traffic Ad set with recommended settings,1,0.03,5,5,0,0,,6,0,,"[{""action_type"":""page_engagement"",""value"":""1""},{""action_type"":""post_engagement"",""value"":""1""},{""action_type"":""video_view"",""value"":""1""}]","[{""action_type"":""video_view"",""value"":""0.03""},{""action_type"":""post_engagement"",""value"":""0.03""},{""action_type"":""page_engagement"",""value"":""0.03""}]",Louisiana,,,,,,,,1.0,,1.0,,,1.0,,,,0.03,0.03,,0.03
2026-03-09,2026-03-09,TSSAds,1,New Traffic Ad set with recommended settings,1,0.08,13,13,0,0,,6.153846,0,,"[{""action_type"":""page_engagement"",""value"":""3""},{""action_type"":""post_engagement"",""value"":""3""},{""action_type"":""video_view"",""value"":""3""}]","[{""action_type"":""video_view"",""value"":""0.026667""},{""action_type"":""post_engagement"",""value"":""0.026667""},{""action_type"":""page_engagement"",""value"":""0.026667""}]",Maryland,,,,,,,,3.0,,3.0,,,3.0,,,,0.026667,0.026667,,0.026667
2026-03-09,2026-03-09,TSSAds,1,New Traffic Ad set with recommended settings,1,0.04,10,10,0,0,,4,0,,"[{""action_type"":""page_engagement"",""value"":""3""},{""action_type"":""post_engagement"",""value"":""3""},{""action_type"":""video_view"",""value"":""3""}]","[{""action_type"":""video_view"",""value"":""0.013333""},{""action_type"":""post_engagement"",""value"":""0.013333""},{""action_type"":""page_engagement"",""value"":""0.013333""}]",Massachusetts,,,,,,,,3.0,,3.0,,,3.0,,,,0.013333,0.013333,,0.013333
2026-03-09,2026-03-09,TSSAds,1,New Traffic Ad set with recommended settings,1,0.06,13,13,0,0,,4.615385,0,,"[{""action_type"":""page_engagement"",""value"":""6""},{""action_type"":""post_engagement"",""value"":""6""},{""action_type"":""video_view"",""value"":""6""}]","[{""action_type"":""video_view"",""value"":""0.01""},{""action_type"":""post_engagement"",""value"":""0.01""},{""action_type"":""page_engagement"",""value"":""0.01""}]",Michigan,,,,,,,,6.0,,6.0,,,6.0,,,,0.01,0.01,,0.01
2026-03-09,2026-03-09,TSSAds,1,New Traffic Ad set with recommended settings,1,0.05,8,8,1,12.5,0.05,6.25,0,,"[{""action_type"":""link_click"",""value"":""1""},{""action_type"":""page_engagement"",""value"":""4""},{""action_type"":""post_engagement"",""value"":""4""},{""action_type"":""video_view"",""value"":""3""}]","[{""action_type"":""video_view"",""value"":""0.016667""},{""action_type"":""link_click"",""value"":""0.05""},{""action_type"":""post_engagement"",""value"":""0.0125""},{""action_type"":""page_engagement"",""value"":""0.0125""}]",Minnesota,1.0,,,,,,,4.0,,4.0,,,3.0,0.05,,,0.0125,0.0125,,0.016667
2026-03-09,2026-03-09,TSSAds,1,New Traffic Ad set with recommended settings,1,0,1,1,0,0,,0,0,,[],[],Mississippi,,,,,,,,,,,,,,,,,,,,
2026-03-09,2026-03-09,TSSAds,1,New Traffic Ad set with recommended settings,1,0.07,13,13,1,7.692308,0.07,5.384615,0,,"[{""action_type"":""link_click"",""value"":""1""},{""action_type"":""page_engagement"",""value"":""6""},{""action_type"":""post_engagement"",""value"":""6""},{""action_type"":""video_view"",""value"":""5""}]","[{""action_type"":""video_view"",""value"":""0.014""},{""action_type"":""link_click"",""value"":""0.07""},{""action_type"":""post_engagement"",""value"":""0.011667""},{""action_type"":""page_engagement"",""value"":""0.011667""}]",Missouri,1.0,,,,,,,6.0,,6.0,,,5.0,0.07,,,0.011667,0.011667,,0.014
2026-03-09,2026-03-09,TSSAds,1,New Traffic Ad set with recommended settings,1,0.01,2,2,0,0,,5,0,,"[{""action_type"":""page_engagement"",""value"":""1""},{""action_type"":""post_engagement"",""value"":""1""},{""action_type"":""video_view"",""value"":""1""}]","[{""action_type"":""video_view"",""value"":""0.01""},{""action_type"":""post_engagement"",""value"":""0.01""},{""action_type"":""page_engagement"",""value"":""0.01""}]",Montana,,,,,,,,1.0,,1.0,,,1.0,,,,0.01,0.01,,0.01
2026-03-09,2026-03-09,TSSAds,1,New Traffic Ad set with recommended settings,1,0.05,3,3,0,0,,16.666667,0,,"[{""action_type"":""page_engagement"",""value"":""2""},{""action_type"":""post_engagement"",""value"":""2""},{""action_type"":""video_view"",""value"":""2""}]","[{""action_type"":""video_view"",""value"":""0.025""},{""action_type"":""post_engagement"",""value"":""0.025""},{""action_type"":""page_engagement"",""value"":""0.025""}]",Nebraska,,,,,,,,2.0,,2.0,,,2.0,,,,0.025,0.025,,0.025
2026-03-09,2026-03-09,TSSAds,1,New Traffic Ad set with recommended settings,1,0.13,21,21,2,9.52381,0.065,6.190476,0,,"[{""action_type"":""link_click"",""value"":""2""},{""action_type"":""page_engagement"",""value"":""9""},{""action_type"":""post_engagement"",""value"":""9""},{""action_type"":""video_view"",""value"":""7""}]","[{""action_type"":""video_view"",""value"":""0.018571""},{""action_type"":""link_click"",""value"":""0.065""},{""action_type"":""post_engagement"",""value"":""0.014444""},{""action_type"":""page_engagement"",""value"":""0.014444""}]",Nevada,2.0,,,,,,,9.0,,9.0,,,7.0,0.065,,,0.014444,0.014444,,0.018571
2026-03-09,2026-03-09,TSSAds,1,New Traffic Ad set with recommended settings,1,0.12,23,23,2,8.695652,0.06,5.217391,0,,"[{""action_type"":""link_click"",""value"":""2""},{""action_type"":""page_engagement"",""value"":""17""},{""action_type"":""post_engagement"",""value"":""17""},{""action_type"":""video_view"",""value"":""15""}]","[{""action_type"":""video_view"",""value"":""0.008""},{""action_type"":""link_click"",""value"":""0.06""},{""action_type"":""post_engagement"",""value"":""0.007059""},{""action_type"":""page_engagement"",""value"":""0.007059""}]",New Jersey,2.0,,,,,,,17.0,,17.0,,,15.0,0.06,,,0.007059,0.007059,,0.008
2026-03-09,2026-03-09,TSSAds,1,New Traffic Ad set with recommended settings,1,0.01,5,5,0,0,,2,0,,"[{""action_type"":""page_engagement"",""value"":""1""},{""action_type"":""post_engagement"",""value"":""1""},{""action_type"":""video_view"",""value"":""1""}]","[{""action_type"":""video_view"",""value"":""0.01""},{""action_type"":""post_engagement"",""value"":""0.01""},{""action_type"":""page_engagement"",""value"":""0.01""}]",New Mexico,,,,,,,,1.0,,1.0,,,1.0,,,,0.01,0.01,,0.01
2026-03-09,2026-03-09,TSSAds,1,New Traffic Ad set with recommended settings,1,0.11,21,21,2,9.52381,0.055,5.238095,0,,"[{""action_type"":""link_click"",""value"":""2""},{""action_type"":""page_engagement"",""value"":""11""},{""action_type"":""post_engagement"",""value"":""11""},{""action_type"":""post_interaction_gross"",""value"":""1""},{""action_type"":""onsite_conversion.post_net_like"",""value"":""1""},{""action_type"":""video_view"",""value"":""8""},{""action_type"":""post_reaction"",""value"":""1""}]","[{""action_type"":""video_view"",""value"":""0.01375""},{""action_type"":""link_click"",""value"":""0.055""},{""action_type"":""post_interaction_gross"",""value"":""0.11""},{""action_type"":""post_engagement"",""value"":""0.01""},{""action_type"":""page_engagement"",""value"":""0.01""}]",New York,2.0,,1.0,,,,,11.0,,11.0,1.0,1.0,8.0,0.055,,,0.01,0.01,0.11,0.01375
2026-03-09,2026-03-09,TSSAds,1,New Traffic Ad set with recommended settings,1,0.1,23,23,2,8.695652,0.05,4.347826,0,,"[{""action_type"":""link_click"",""value"":""2""},{""action_type"":""page_engagement"",""value"":""13""},{""action_type"":""post_engagement"",""value"":""13""},{""action_type"":""video_view"",""value"":""11""}]","[{""action_type"":""video_view"",""value"":""0.009091""},{""action_type"":""link_click"",""value"":""0.05""},{""action_type"":""post_engagement"",""value"":""0.007692""},{""action_type"":""page_engagement"",""value"":""0.007692""}]",North Carolina,2.0,,,,,,,13.0,,13.0,,,11.0,0.05,,,0.007692,0.007692,,0.009091
2026-03-09,2026-03-09,TSSAds,1,New Traffic Ad set with recommended settings,1,0.13,18,18,0,0,,7.222222,0,,"[{""action_type"":""page_engagement"",""value"":""6""},{""action_type"":""post_engagement"",""value"":""6""},{""action_type"":""video_view"",""value"":""6""}]","[{""action_type"":""video_view"",""value"":""0.021667""},{""action_type"":""post_engagement"",""value"":""0.021667""},{""action_type"":""page_engagement"",""value"":""0.021667""}]",Ohio,,,,,,,,6.0,,6.0,,,6.0,,,,0.021667,0.021667,,0.021667
2026-03-09,2026-03-09,TSSAds,1,New Traffic Ad set with recommended settings,1,0.04,6,6,1,16.666667,0.04,6.666667,0,,"[{""action_type"":""link_click"",""value"":""1""},{""action_type"":""page_engagement"",""value"":""5""},{""action_type"":""post_engagement"",""value"":""5""},{""action_type"":""post_interaction_gross"",""value"":""1""},{""action_type"":""onsite_conversion.post_net_like"",""value"":""1""},{""action_type"":""video_view"",""value"":""3""},{""action_type"":""post_reaction"",""value"":""1""}]","[{""action_type"":""video_view"",""value"":""0.013333""},{""action_type"":""link_click"",""value"":""0.04""},{""action_type"":""post_interaction_gross"",""value"":""0.04""},{""action_type"":""post_engagement"",""value"":""0.008""},{""action_type"":""page_engagement"",""value"":""0.008""}]",Oklahoma,1.0,,1.0,,,,,5.0,,5.0,1.0,1.0,3.0,0.04,,,0.008,0.008,0.04,0.013333
2026-03-09,2026-03-09,TSSAds,1,New Traffic Ad set with recommended settings,1,0.04,9,9,0,0,,4.444444,0,,"[{""action_type"":""page_engagement"",""value"":""2""},{""action_type"":""post_engagement"",""value"":""2""},{""action_type"":""video_view"",""value"":""2""}]","[{""action_type"":""video_view"",""value"":""0.02""},{""action_type"":""post_engagement"",""value"":""0.02""},{""action_type"":""page_engagement"",""value"":""0.02""}]",Oregon,,,,,,,,2.0,,2.0,,,2.0,,,,0.02,0.02,,0.02
2026-03-09,2026-03-09,TSSAds,1,New Traffic Ad set with recommended settings,1,0.14,21,21,1,4.761905,0.14,6.666667,0,,"[{""action_type"":""link_click"",""value"":""1""},{""action_type"":""page_engagement"",""value"":""7""},{""action_type"":""post_engagement"",""value"":""7""},{""action_type"":""video_view"",""value"":""6""}]","[{""action_type"":""video_view"",""value"":""0.023333""},{""action_type"":""link_click"",""value"":""0.14""},{""action_type"":""post_engagement"",""value"":""0.02""},{""action_type"":""page_engagement"",""value"":""0.02""}]",Pennsylvania,1.0,,,,,,,7.0,,7.0,,,6.0,0.14,,,0.02,0.02,,0.023333
2026-03-09,2026-03-09,TSSAds,1,New Traffic Ad set with recommended settings,1,0.03,5,5,0,0,,6,0,,"[{""action_type"":""page_engagement"",""value"":""2""},{""action_type"":""post_engagement"",""value"":""2""},{""action_type"":""video_view"",""value"":""2""}]","[{""action_type"":""video_view"",""value"":""0.015""},{""action_type"":""post_engagement"",""value"":""0.015""},{""action_type"":""page_engagement"",""value"":""0.015""}]",Rhode Island,,,,,,,,2.0,,2.0,,,2.0,,,,0.015,0.015,,0.015
2026-03-09,2026-03-09,TSSAds,1,New Traffic Ad set with recommended settings,1,0.06,10,10,2,20,0.03,6,0,,"[{""action_type"":""link_click"",""value"":""2""},{""action_type"":""page_engagement"",""value"":""8""},{""action_type"":""post_engagement"",""value"":""8""},{""action_type"":""post_interaction_gross"",""value"":""2""},{""action_type"":""onsite_conversion.post_save"",""value"":""1""},{""action_type"":""onsite_conversion.post_net_like"",""value"":""1""},{""action_type"":""onsite_conversion.post_net_save"",""value"":""1""},{""action_type"":""video_view"",""value"":""4""},{""action_type"":""post_reaction"",""value"":""1""}]","[{""action_type"":""video_view"",""value"":""0.015""},{""action_type"":""link_click"",""value"":""0.03""},{""action_type"":""post_interaction_gross"",""value"":""0.03""},{""action_type"":""post_engagement"",""value"":""0.0075""},{""action_type"":""page_engagement"",""value"":""0.0075""}]",South Carolina,2.0,,1.0,1.0,1.0,,,8.0,,8.0,2.0,1.0,4.0,0.03,,,0.0075,0.0075,0.03,0.015
2026-03-09,2026-03-09,TSSAds,1,New Traffic Ad set with recommended settings,1,0.01,1,1,0,0,,10,0,,"[{""action_type"":""page_engagement"",""value"":""1""},{""action_type"":""post_engagement"",""value"":""1""},{""action_type"":""video_view"",""value"":""1""}]","[{""action_type"":""video_view"",""value"":""0.01""},{""action_type"":""post_engagement"",""value"":""0.01""},{""action_type"":""page_engagement"",""value"":""0.01""}]",South Dakota,,,,,,,,1.0,,1.0,,,1.0,,,,0.01,0.01,,0.01
2026-03-09,2026-03-09,TSSAds,1,New Traffic Ad set with recommended settings,1,0.05,11,11,2,18.181818,0.025,4.545455,0,,"[{""action_type"":""link_click"",""value"":""2""},{""action_type"":""page_engagement"",""value"":""8""},{""action_type"":""post_engagement"",""value"":""8""},{""action_type"":""video_view"",""value"":""6""}]","[{""action_type"":""video_view"",""value"":""0.008333""},{""action_type"":""link_click"",""value"":""0.025""},{""action_type"":""post_engagement"",""value"":""0.00625""},{""action_type"":""page_engagement"",""value"":""0.00625""}]",Tennessee,2.0,,,,,,,8.0,,8.0,,,6.0,0.025,,,0.00625,0.00625,,0.008333
2026-03-09,2026-03-09,TSSAds,1,New Traffic Ad set with recommended settings,1,0.36,60,60,3,5,0.12,6,0,,"[{""action_type"":""link_click"",""value"":""3""},{""action_type"":""page_engagement"",""value"":""27""},{""action_type"":""post_engagement"",""value"":""27""},{""action_type"":""video_view"",""value"":""24""}]","[{""action_type"":""video_view"",""value"":""0.015""},{""action_type"":""link_click"",""value"":""0.12""},{""action_type"":""post_engagement"",""value"":""0.013333""},{""action_type"":""page_engagement"",""value"":""0.013333""}]",Texas,3.0,,,,,,,27.0,,27.0,,,24.0,0.12,,,0.013333,0.013333,,0.015
2026-03-09,2026-03-09,TSSAds,1,New Traffic Ad set with recommended settings,1,0.06,14,14,1,7.142857,0.06,4.285714,0,,"[{""action_type"":""link_click"",""value"":""1""},{""action_type"":""page_engagement"",""value"":""6""},{""action_type"":""post_engagement"",""value"":""6""},{""action_type"":""video_view"",""value"":""5""}]","[{""action_type"":""video_view"",""value"":""0.012""},{""action_type"":""link_click"",""value"":""0.06""},{""action_type"":""post_engagement"",""value"":""0.01""},{""action_type"":""page_engagement"",""value"":""0.01""}]",Utah,1.0,,,,,,,6.0,,6.0,,,5.0,0.06,,,0.01,0.01,,0.012
2026-03-09,2026-03-09,TSSAds,1,New Traffic Ad set with recommended settings,1,0.11,22,21,2,9.090909,0.055,5,0,,"[{""action_type"":""link_click"",""value"":""2""},{""action_type"":""page_engagement"",""value"":""10""},{""action_type"":""post_engagement"",""value"":""10""},{""action_type"":""video_view"",""value"":""8""}]","[{""action_type"":""video_view"",""value"":""0.01375""},{""action_type"":""link_click"",""value"":""0.055""},{""action_type"":""post_engagement"",""value"":""0.011""},{""action_type"":""page_engagement"",""value"":""0.011""}]",Virginia,2.0,,,,,,,10.0,,10.0,,,8.0,0.055,,,0.011,0.011,,0.01375
2026-03-09,2026-03-09,TSSAds,1,New Traffic Ad set with recommended settings,1,0.14,22,22,2,9.090909,0.07,6.363636,0,,"[{""action_type"":""link_click"",""value"":""2""},{""action_type"":""page_engagement"",""value"":""13""},{""action_type"":""post_engagement"",""value"":""13""},{""action_type"":""post_interaction_gross"",""value"":""1""},{""action_type"":""onsite_conversion.post_net_like"",""value"":""1""},{""action_type"":""video_view"",""value"":""10""},{""action_type"":""post_reaction"",""value"":""1""}]","[{""action_type"":""video_view"",""value"":""0.014""},{""action_type"":""link_click"",""value"":""0.07""},{""action_type"":""post_interaction_gross"",""value"":""0.14""},{""action_type"":""post_engagement"",""value"":""0.010769""},{""action_type"":""page_engagement"",""value"":""0.010769""}]",Washington,2.0,,1.0,,,,,13.0,,13.0,1.0,1.0,10.0,0.07,,,0.010769,0.010769,0.14,0.014
2026-03-09,2026-03-09,TSSAds,1,New Traffic Ad set with recommended settings,1,0.03,4,4,1,25,0.03,7.5,0,,"[{""action_type"":""link_click"",""value"":""1""},{""action_type"":""page_engagement"",""value"":""2""},{""action_type"":""post_engagement"",""value"":""2""},{""action_type"":""video_view"",""value"":""1""}]","[{""action_type"":""video_view"",""value"":""0.03""},{""action_type"":""link_click"",""value"":""0.03""},{""action_type"":""post_engagement"",""value"":""0.015""},{""action_type"":""page_engagement"",""value"":""0.015""}]","Washington, District of Columbia",1.0,,,,,,,2.0,,2.0,,,1.0,0.03,,,0.015,0.015,,0.03
2026-03-09,2026-03-09,TSSAds,1,New Traffic Ad set with recommended settings,1,0,2,2,0,0,,0,0,,[],[],West Virginia,,,,,,,,,,,,,,,,,,,,
2026-03-09,2026-03-09,TSSAds,1,New Traffic Ad set with recommended settings,1,0.08,10,10,0,0,,8,0,,"[{""action_type"":""page_engagement"",""value"":""7""},{""action_type"":""post_engagement"",""value"":""7""},{""action_type"":""video_view"",""value"":""7""}]","[{""action_type"":""video_view"",""value"":""0.011429""},{""action_type"":""post_engagement"",""value"":""0.011429""},{""action_type"":""page_engagement"",""value"":""0.011429""}]",Wisconsin,,,,,,,,7.0,,7.0,,,7.0,,,,0.011429,0.011429,,0.011429
2026-03-09,2026-03-09,TSSAds,1,Test - New Traffic Ad set with recommended settings,1,0.04,4,4,0,0,,10,0,,"[{""action_type"":""page_engagement"",""value"":""1""},{""action_type"":""post_engagement"",""value"":""1""},{""action_type"":""video_view"",""value"":""1""}]","[{""action_type"":""video_view"",""value"":""0.04""},{""action_type"":""post_engagement"",""value"":""0.04""},{""action_type"":""page_engagement"",""value"":""0.04""}]",Alabama,,,,,,,,1.0,,1.0,,,1.0,,,,0.04,0.04,,0.04
2026-03-09,2026-03-09,TSSAds,1,Test - New Traffic Ad set with recommended settings,1,0.19,26,26,1,3.846154,0.19,7.307692,0,,"[{""action_type"":""link_click"",""value"":""1""},{""action_type"":""page_engagement"",""value"":""12""},{""action_type"":""post_engagement"",""value"":""12""},{""action_type"":""video_view"",""value"":""11""}]","[{""action_type"":""video_view"",""value"":""0.017273""},{""action_type"":""link_click"",""value"":""0.19""},{""action_type"":""post_engagement"",""value"":""0.015833""},{""action_type"":""page_engagement"",""value"":""0.015833""}]",Arizona,1.0,,,,,,,12.0,,12.0,,,11.0,0.19,,,0.015833,0.015833,,0.017273
2026-03-09,2026-03-09,TSSAds,1,Test - New Traffic Ad set with recommended settings,1,0.01,1,1,1,100,0.01,10,0,,"[{""action_type"":""link_click"",""value"":""1""},{""action_type"":""page_engagement"",""value"":""2""},{""action_type"":""post_engagement"",""value"":""2""},{""action_type"":""video_view"",""value"":""1""}]","[{""action_type"":""video_view"",""value"":""0.01""},{""action_type"":""link_click"",""value"":""0.01""},{""action_type"":""post_engagement"",""value"":""0.005""},{""action_type"":""page_engagement"",""value"":""0.005""}]",Arkansas,1.0,,,,,,,2.0,,2.0,,,1.0,0.01,,,0.005,0.005,,0.01
2026-03-09,2026-03-09,TSSAds,1,Test - New Traffic Ad set with recommended settings,1,3.12,454,454,32,7.048458,0.0975,6.872247,0,,"[{""action_type"":""link_click"",""value"":""32""},{""action_type"":""page_engagement"",""value"":""227""},{""action_type"":""post_engagement"",""value"":""227""},{""action_type"":""post_interaction_gross"",""value"":""13""},{""action_type"":""post"",""value"":""4""},{""action_type"":""onsite_conversion.post_save"",""value"":""1""},{""action_type"":""onsite_conversion.post_net_like"",""value"":""8""},{""action_type"":""onsite_conversion.post_net_save"",""value"":""1""},{""action_type"":""video_view"",""value"":""182""},{""action_type"":""post_reaction"",""value"":""8""}]","[{""action_type"":""video_view"",""value"":""0.017143""},{""action_type"":""link_click"",""value"":""0.0975""},{""action_type"":""post_interaction_gross"",""value"":""0.24""},{""action_type"":""post_engagement"",""value"":""0.013744""},{""action_type"":""page_engagement"",""value"":""0.013744""}]",California,32.0,,8.0,1.0,1.0,,,227.0,4.0,227.0,13.0,8.0,182.0,0.0975,,,0.013744,0.013744,0.24,0.017143
2026-03-09,2026-03-09,TSSAds,1,Test - New Traffic Ad set with recommended settings,1,0.27,40,39,1,2.5,0.27,6.75,0,,"[{""action_type"":""link_click"",""value"":""1""},{""action_type"":""page_engagement"",""value"":""14""},{""action_type"":""post_engagement"",""value"":""14""},{""action_type"":""post_interaction_gross"",""value"":""1""},{""action_type"":""onsite_conversion.post_save"",""value"":""1""},{""action_type"":""onsite_conversion.post_net_save"",""value"":""1""},{""action_type"":""video_view"",""value"":""12""}]","[{""action_type"":""video_view"",""value"":""0.0225""},{""action_type"":""link_click"",""value"":""0.27""},{""action_type"":""post_interaction_gross"",""value"":""0.27""},{""action_type"":""post_engagement"",""value"":""0.019286""},{""action_type"":""page_engagement"",""value"":""0.019286""}]",Colorado,1.0,,,1.0,1.0,,,14.0,,14.0,1.0,,12.0,0.27,,,0.019286,0.019286,0.27,0.0225
2026-03-09,2026-03-09,TSSAds,1,Test - New Traffic Ad set with recommended settings,1,0.03,8,8,1,12.5,0.03,3.75,0,,"[{""action_type"":""link_click"",""value"":""1""},{""action_type"":""page_engagement"",""value"":""6""},{""action_type"":""post_engagement"",""value"":""6""},{""action_type"":""video_view"",""value"":""5""}]","[{""action_type"":""video_view"",""value"":""0.006""},{""action_type"":""link_click"",""value"":""0.03""},{""action_type"":""post_engagement"",""value"":""0.005""},{""action_type"":""page_engagement"",""value"":""0.005""}]",Connecticut,1.0,,,,,,,6.0,,6.0,,,5.0,0.03,,,0.005,0.005,,0.006
2026-03-09,2026-03-09,TSSAds,1,Test - New Traffic Ad set with recommended settings,1,0.01,1,1,0,0,,10,0,,[],[],Delaware,,,,,,,,,,,,,,,,,,,,
2026-03-09,2026-03-09,TSSAds,1,Test - New Traffic Ad set with recommended settings,1,0.39,70,68,6,8.571429,0.065,5.571429,0,,"[{""action_type"":""link_click"",""value"":""6""},{""action_type"":""page_engagement"",""value"":""49""},{""action_type"":""post_engagement"",""value"":""49""},{""action_type"":""post_interaction_gross"",""value"":""3""},{""action_type"":""onsite_conversion.post_net_like"",""value"":""3""},{""action_type"":""video_view"",""value"":""40""},{""action_type"":""post_reaction"",""value"":""3""}]","[{""action_type"":""video_view"",""value"":""0.00975""},{""action_type"":""link_click"",""value"":""0.065""},{""action_type"":""post_interaction_gross"",""value"":""0.13""},{""action_type"":""post_engagement"",""value"":""0.007959""},{""action_type"":""page_engagement"",""value"":""0.007959""}]",Florida,6.0,,3.0,,,,,49.0,,49.0,3.0,3.0,40.0,0.065,,,0.007959,0.007959,0.13,0.00975
2026-03-09,2026-03-09,TSSAds,1,Test - New Traffic Ad set with recommended settings,1,0.06,13,13,2,15.384615,0.03,4.615385,0,,"[{""action_type"":""link_click"",""value"":""2""},{""action_type"":""page_engagement"",""value"":""9""},{""action_type"":""post_engagement"",""value"":""9""},{""action_type"":""post_interaction_gross"",""value"":""1""},{""action_type"":""onsite_conversion.post_net_like"",""value"":""1""},{""action_type"":""video_view"",""value"":""6""},{""action_type"":""post_reaction"",""value"":""1""}]","[{""action_type"":""video_view"",""value"":""0.01""},{""action_type"":""link_click"",""value"":""0.03""},{""action_type"":""post_interaction_gross"",""value"":""0.06""},{""action_type"":""post_engagement"",""value"":""0.006667""},{""action_type"":""page_engagement"",""value"":""0.006667""}]",Georgia,2.0,,1.0,,,,,9.0,,9.0,1.0,1.0,6.0,0.03,,,0.006667,0.006667,0.06,0.01
2026-03-09,2026-03-09,TSSAds,1,Test - New Traffic Ad set with recommended settings,1,0,5,5,0,0,,0,0,,"[{""action_type"":""page_engagement"",""value"":""2""},{""action_type"":""post_engagement"",""value"":""2""},{""action_type"":""video_view"",""value"":""2""}]","[{""action_type"":""video_view"",""value"":""0""},{""action_type"":""post_engagement"",""value"":""0""},{""action_type"":""page_engagement"",""value"":""0""}]",Hawaii,,,,,,,,2.0,,2.0,,,2.0,,,,0.0,0.0,,0.0
2026-03-09,2026-03-09,TSSAds,1,Test - New Traffic Ad set with recommended settings,1,0.03,2,2,1,50,0.03,15,0,,"[{""action_type"":""link_click"",""value"":""1""},{""action_type"":""page_engagement"",""value"":""3""},{""action_type"":""post_engagement"",""value"":""3""},{""action_type"":""video_view"",""value"":""2""}]","[{""action_type"":""video_view"",""value"":""0.015""},{""action_type"":""link_click"",""value"":""0.03""},{""action_type"":""post_engagement"",""value"":""0.01""},{""action_type"":""page_engagement"",""value"":""0.01""}]",Idaho,1.0,,,,,,,3.0,,3.0,,,2.0,0.03,,,0.01,0.01,,0.015
2026-03-09,2026-03-09,TSSAds,1,Test - New Traffic Ad set with recommended settings,1,0.08,14,14,0,0,,5.714286,0,,"[{""action_type"":""page_engagement"",""value"":""5""},{""action_type"":""post_engagement"",""value"":""5""},{""action_type"":""post_interaction_gross"",""value"":""1""},{""action_type"":""onsite_conversion.post_save"",""value"":""1""},{""action_type"":""onsite_conversion.post_net_save"",""value"":""1""},{""action_type"":""video_view"",""value"":""4""}]","[{""action_type"":""video_view"",""value"":""0.02""},{""action_type"":""post_interaction_gross"",""value"":""0.08""},{""action_type"":""post_engagement"",""value"":""0.016""},{""action_type"":""page_engagement"",""value"":""0.016""}]",Illinois,,,,1.0,1.0,,,5.0,,5.0,1.0,,4.0,,,,0.016,0.016,0.08,0.02
2026-03-09,2026-03-09,TSSAds,1,Test - New Traffic Ad set with recommended settings,1,0.03,3,3,0,0,,10,0,,"[{""action_type"":""page_engagement"",""value"":""2""},{""action_type"":""post_engagement"",""value"":""2""},{""action_type"":""video_view"",""value"":""2""}]","[{""action_type"":""video_view"",""value"":""0.015""},{""action_type"":""post_engagement"",""value"":""0.015""},{""action_type"":""page_engagement"",""value"":""0.015""}]",Indiana,,,,,,,,2.0,,2.0,,,2.0,,,,0.015,0.015,,0.015
2026-03-09,2026-03-09,TSSAds,1,Test - New Traffic Ad set with recommended settings,1,0.03,5,5,0,0,,6,0,,"[{""action_type"":""page_engagement"",""value"":""4""},{""action_type"":""post_engagement"",""value"":""4""},{""action_type"":""post_interaction_gross"",""value"":""1""},{""action_type"":""onsite_conversion.post_net_like"",""value"":""1""},{""action_type"":""video_view"",""value"":""3""},{""action_type"":""post_reaction"",""value"":""1""}]","[{""action_type"":""video_view"",""value"":""0.01""},{""action_type"":""post_interaction_gross"",""value"":""0.03""},{""action_type"":""post_engagement"",""value"":""0.0075""},{""action_type"":""page_engagement"",""value"":""0.0075""}]",Iowa,,,1.0,,,,,4.0,,4.0,1.0,1.0,3.0,,,,0.0075,0.0075,0.03,0.01
2026-03-09,2026-03-09,TSSAds,1,Test - New Traffic Ad set with recommended settings,1,0.01,4,4,0,0,,2.5,0,,"[{""action_type"":""page_engagement"",""value"":""1""},{""action_type"":""post_engagement"",""value"":""1""},{""action_type"":""video_view"",""value"":""1""}]","[{""action_type"":""video_view"",""value"":""0.01""},{""action_type"":""post_engagement"",""value"":""0.01""},{""action_type"":""page_engagement"",""value"":""0.01""}]",Kansas,,,,,,,,1.0,,1.0,,,1.0,,,,0.01,0.01,,0.01
2026-03-09,2026-03-09,TSSAds,1,Test - New Traffic Ad set with recommended settings,1,0.02,7,7,0,0,,2.857143,0,,[],[],Kentucky,,,,,,,,,,,,,,,,,,,,
2026-03-09,2026-03-09,TSSAds,1,Test - New Traffic Ad set with recommended settings,1,0.03,7,7,1,14.285714,0.03,4.285714,0,,"[{""action_type"":""link_click"",""value"":""1""},{""action_type"":""page_engagement"",""value"":""5""},{""action_type"":""post_engagement"",""value"":""5""},{""action_type"":""video_view"",""value"":""4""}]","[{""action_type"":""video_view"",""value"":""0.0075""},{""action_type"":""link_click"",""value"":""0.03""},{""action_type"":""post_engagement"",""value"":""0.006""},{""action_type"":""page_engagement"",""value"":""0.006""}]",Louisiana,1.0,,,,,,,5.0,,5.0,,,4.0,0.03,,,0.006,0.006,,0.0075
2026-03-09,2026-03-09,TSSAds,1,Test - New Traffic Ad set with recommended settings,1,0.01,1,1,0,0,,10,0,,[],[],Maine,,,,,,,,,,,,,,,,,,,,
2026-03-09,2026-03-09,TSSAds,1,Test - New Traffic Ad set with recommended settings,1,0.11,17,17,1,5.882353,0.11,6.470588,0,,"[{""action_type"":""link_click"",""value"":""1""},{""action_type"":""page_engagement"",""value"":""8""},{""action_type"":""post_engagement"",""value"":""8""},{""action_type"":""video_view"",""value"":""7""}]","[{""action_type"":""video_view"",""value"":""0.015714""},{""action_type"":""link_click"",""value"":""0.11""},{""action_type"":""post_engagement"",""value"":""0.01375""},{""action_type"":""page_engagement"",""value"":""0.01375""}]",Maryland,1.0,,,,,,,8.0,,8.0,,,7.0,0.11,,,0.01375,0.01375,,0.015714
2026-03-09,2026-03-09,TSSAds,1,Test - New Traffic Ad set with recommended settings,1,0.05,15,15,2,13.333333,0.025,3.333333,0,,"[{""action_type"":""link_click"",""value"":""2""},{""action_type"":""page_engagement"",""value"":""7""},{""action_type"":""post_engagement"",""value"":""7""},{""action_type"":""video_view"",""value"":""5""}]","[{""action_type"":""video_view"",""value"":""0.01""},{""action_type"":""link_click"",""value"":""0.025""},{""action_type"":""post_engagement"",""value"":""0.007143""},{""action_type"":""page_engagement"",""value"":""0.007143""}]",Massachusetts,2.0,,,,,,,7.0,,7.0,,,5.0,0.025,,,0.007143,0.007143,,0.01
2026-03-09,2026-03-09,TSSAds,1,Test - New Traffic Ad set with recommended settings,1,0.08,15,15,0,0,,5.333333,0,,"[{""action_type"":""page_engagement"",""value"":""4""},{""action_type"":""post_engagement"",""value"":""4""},{""action_type"":""video_view"",""value"":""4""}]","[{""action_type"":""video_view"",""value"":""0.02""},{""action_type"":""post_engagement"",""value"":""0.02""},{""action_type"":""page_engagement"",""value"":""0.02""}]",Michigan,,,,,,,,4.0,,4.0,,,4.0,,,,0.02,0.02,,0.02
2026-03-09,2026-03-09,TSSAds,1,Test - New Traffic Ad set with recommended settings,1,0.06,8,8,0,0,,7.5,0,,"[{""action_type"":""page_engagement"",""value"":""3""},{""action_type"":""post_engagement"",""value"":""3""},{""action_type"":""video_view"",""value"":""3""}]","[{""action_type"":""video_view"",""value"":""0.02""},{""action_type"":""post_engagement"",""value"":""0.02""},{""action_type"":""page_engagement"",""value"":""0.02""}]",Minnesota,,,,,,,,3.0,,3.0,,,3.0,,,,0.02,0.02,,0.02
2026-03-09,2026-03-09,TSSAds,1,Test - New Traffic Ad set with recommended settings,1,0.05,9,9,1,11.111111,0.05,5.555556,0,,"[{""action_type"":""link_click"",""value"":""1""},{""action_type"":""page_engagement"",""value"":""6""},{""action_type"":""post_engagement"",""value"":""6""},{""action_type"":""video_view"",""value"":""5""}]","[{""action_type"":""video_view"",""value"":""0.01""},{""action_type"":""link_click"",""value"":""0.05""},{""action_type"":""post_engagement"",""value"":""0.008333""},{""action_type"":""page_engagement"",""value"":""0.008333""}]",Missouri,1.0,,,,,,,6.0,,6.0,,,5.0,0.05,,,0.008333,0.008333,,0.01
2026-03-09,2026-03-09,TSSAds,1,Test - New Traffic Ad set with recommended settings,1,0.11,8,8,0,0,,13.75,0,,"[{""action_type"":""page_engagement"",""value"":""4""},{""action_type"":""post_engagement"",""value"":""4""},{""action_type"":""video_view"",""value"":""4""}]","[{""action_type"":""video_view"",""value"":""0.0275""},{""action_type"":""post_engagement"",""value"":""0.0275""},{""action_type"":""page_engagement"",""value"":""0.0275""}]",Nebraska,,,,,,,,4.0,,4.0,,,4.0,,,,0.0275,0.0275,,0.0275
2026-03-09,2026-03-09,TSSAds,1,Test - New Traffic Ad set with recommended settings,1,0.37,27,26,5,18.518519,0.074,13.703704,0,,"[{""action_type"":""link_click"",""value"":""5""},{""action_type"":""page_engagement"",""value"":""21""},{""action_type"":""post_engagement"",""value"":""21""},{""action_type"":""post_interaction_gross"",""value"":""2""},{""action_type"":""onsite_conversion.post_net_like"",""value"":""2""},{""action_type"":""video_view"",""value"":""14""},{""action_type"":""post_reaction"",""value"":""2""}]","[{""action_type"":""video_view"",""value"":""0.026429""},{""action_type"":""link_click"",""value"":""0.074""},{""action_type"":""post_interaction_gross"",""value"":""0.185""},{""action_type"":""post_engagement"",""value"":""0.017619""},{""action_type"":""page_engagement"",""value"":""0.017619""}]",Nevada,5.0,,2.0,,,,,21.0,,21.0,2.0,2.0,14.0,0.074,,,0.017619,0.017619,0.185,0.026429
2026-03-09,2026-03-09,TSSAds,1,Test - New Traffic Ad set with recommended settings,1,0.15,24,24,3,12.5,0.05,6.25,0,,"[{""action_type"":""link_click"",""value"":""3""},{""action_type"":""page_engagement"",""value"":""17""},{""action_type"":""post_engagement"",""value"":""17""},{""action_type"":""post_interaction_gross"",""value"":""1""},{""action_type"":""onsite_conversion.post_net_like"",""value"":""1""},{""action_type"":""video_view"",""value"":""13""},{""action_type"":""post_reaction"",""value"":""1""}]","[{""action_type"":""video_view"",""value"":""0.011538""},{""action_type"":""link_click"",""value"":""0.05""},{""action_type"":""post_interaction_gross"",""value"":""0.15""},{""action_type"":""post_engagement"",""value"":""0.008824""},{""action_type"":""page_engagement"",""value"":""0.008824""}]",New Jersey,3.0,,1.0,,,,,17.0,,17.0,1.0,1.0,13.0,0.05,,,0.008824,0.008824,0.15,0.011538
2026-03-09,2026-03-09,TSSAds,1,Test - New Traffic Ad set with recommended settings,1,0.08,9,9,3,33.333333,0.026667,8.888889,0,,"[{""action_type"":""link_click"",""value"":""3""},{""action_type"":""page_engagement"",""value"":""9""},{""action_type"":""post_engagement"",""value"":""9""},{""action_type"":""post_interaction_gross"",""value"":""1""},{""action_type"":""onsite_conversion.post_net_like"",""value"":""1""},{""action_type"":""video_view"",""value"":""5""},{""action_type"":""post_reaction"",""value"":""1""}]","[{""action_type"":""video_view"",""value"":""0.016""},{""action_type"":""link_click"",""value"":""0.026667""},{""action_type"":""post_interaction_gross"",""value"":""0.08""},{""action_type"":""post_engagement"",""value"":""0.008889""},{""action_type"":""page_engagement"",""value"":""0.008889""}]",New Mexico,3.0,,1.0,,,,,9.0,,9.0,1.0,1.0,5.0,0.026667,,,0.008889,0.008889,0.08,0.016
2026-03-09,2026-03-09,TSSAds,1,Test - New Traffic Ad set with recommended settings,1,0.08,17,17,1,5.882353,0.08,4.705882,0,,"[{""action_type"":""link_click"",""value"":""1""},{""action_type"":""page_engagement"",""value"":""8""},{""action_type"":""post_engagement"",""value"":""8""},{""action_type"":""video_view"",""value"":""7""}]","[{""action_type"":""video_view"",""value"":""0.011429""},{""action_type"":""link_click"",""value"":""0.08""},{""action_type"":""post_engagement"",""value"":""0.01""},{""action_type"":""page_engagement"",""value"":""0.01""}]",New York,1.0,,,,,,,8.0,,8.0,,,7.0,0.08,,,0.01,0.01,,0.011429
2026-03-09,2026-03-09,TSSAds,1,Test - New Traffic Ad set with recommended settings,1,0.12,23,23,0,0,,5.217391,0,,"[{""action_type"":""page_engagement"",""value"":""8""},{""action_type"":""post_engagement"",""value"":""8""},{""action_type"":""video_view"",""value"":""8""}]","[{""action_type"":""video_view"",""value"":""0.015""},{""action_type"":""post_engagement"",""value"":""0.015""},{""action_type"":""page_engagement"",""value"":""0.015""}]",North Carolina,,,,,,,,8.0,,8.0,,,8.0,,,,0.015,0.015,,0.015
2026-03-09,2026-03-09,TSSAds,1,Test - New Traffic Ad set with recommended settings,1,0.1,22,22,4,18.181818,0.025,4.545455,0,,"[{""action_type"":""link_click"",""value"":""4""},{""action_type"":""page_engagement"",""value"":""14""},{""action_type"":""post_engagement"",""value"":""14""},{""action_type"":""video_view"",""value"":""10""}]","[{""action_type"":""video_view"",""value"":""0.01""},{""action_type"":""link_click"",""value"":""0.025""},{""action_type"":""post_engagement"",""value"":""0.007143""},{""action_type"":""page_engagement"",""value"":""0.007143""}]",Ohio,4.0,,,,,,,14.0,,14.0,,,10.0,0.025,,,0.007143,0.007143,,0.01
2026-03-09,2026-03-09,TSSAds,1,Test - New Traffic Ad set with recommended settings,1,0.01,3,3,1,33.333333,0.01,3.333333,0,,"[{""action_type"":""link_click"",""value"":""1""},{""action_type"":""page_engagement"",""value"":""2""},{""action_type"":""post_engagement"",""value"":""2""},{""action_type"":""video_view"",""value"":""1""}]","[{""action_type"":""video_view"",""value"":""0.01""},{""action_type"":""link_click"",""value"":""0.01""},{""action_type"":""post_engagement"",""value"":""0.005""},{""action_type"":""page_engagement"",""value"":""0.005""}]",Oklahoma,1.0,,,,,,,2.0,,2.0,,,1.0,0.01,,,0.005,0.005,,0.01
2026-03-09,2026-03-09,TSSAds,1,Test - New Traffic Ad set with recommended settings,1,0.13,19,19,1,5.263158,0.13,6.842105,0,,"[{""action_type"":""link_click"",""value"":""1""},{""action_type"":""page_engagement"",""value"":""14""},{""action_type"":""post_engagement"",""value"":""14""},{""action_type"":""post_interaction_gross"",""value"":""1""},{""action_type"":""onsite_conversion.post_net_like"",""value"":""1""},{""action_type"":""video_view"",""value"":""12""},{""action_type"":""post_reaction"",""value"":""1""}]","[{""action_type"":""video_view"",""value"":""0.010833""},{""action_type"":""link_click"",""value"":""0.13""},{""action_type"":""post_interaction_gross"",""value"":""0.13""},{""action_type"":""post_engagement"",""value"":""0.009286""},{""action_type"":""page_engagement"",""value"":""0.009286""}]",Oregon,1.0,,1.0,,,,,14.0,,14.0,1.0,1.0,12.0,0.13,,,0.009286,0.009286,0.13,0.010833
2026-03-09,2026-03-09,TSSAds,1,Test - New Traffic Ad set with recommended settings,1,0.07,12,12,2,16.666667,0.035,5.833333,0,,"[{""action_type"":""link_click"",""value"":""2""},{""action_type"":""page_engagement"",""value"":""9""},{""action_type"":""post_engagement"",""value"":""9""},{""action_type"":""video_view"",""value"":""7""}]","[{""action_type"":""video_view"",""value"":""0.01""},{""action_type"":""link_click"",""value"":""0.035""},{""action_type"":""post_engagement"",""value"":""0.007778""},{""action_type"":""page_engagement"",""value"":""0.007778""}]",Pennsylvania,2.0,,,,,,,9.0,,9.0,,,7.0,0.035,,,0.007778,0.007778,,0.01
2026-03-09,2026-03-09,TSSAds,1,Test - New Traffic Ad set with recommended settings,1,0.01,4,4,0,0,,2.5,0,,[],[],Rhode Island,,,,,,,,,,,,,,,,,,,,
2026-03-09,2026-03-09,TSSAds,1,Test - New Traffic Ad set with recommended settings,1,0.06,8,8,1,12.5,0.06,7.5,0,,"[{""action_type"":""link_click"",""value"":""1""},{""action_type"":""page_engagement"",""value"":""4""},{""action_type"":""onsite_conversion.post_unlike"",""value"":""1""},{""action_type"":""post_engagement"",""value"":""4""},{""action_type"":""post_interaction_gross"",""value"":""1""},{""action_type"":""onsite_conversion.post_net_like"",""value"":""0""},{""action_type"":""video_view"",""value"":""2""},{""action_type"":""post_reaction"",""value"":""1""}]","[{""action_type"":""video_view"",""value"":""0.03""},{""action_type"":""link_click"",""value"":""0.06""},{""action_type"":""post_interaction_gross"",""value"":""0.06""},{""action_type"":""post_engagement"",""value"":""0.015""},{""action_type"":""page_engagement"",""value"":""0.015""}]",South Carolina,1.0,,0.0,,,1.0,,4.0,,4.0,1.0,1.0,2.0,0.06,,,0.015,0.015,0.06,0.03
2026-03-09,2026-03-09,TSSAds,1,Test - New Traffic Ad set with recommended settings,1,0.01,1,1,0,0,,10,0,,[],[],South Dakota,,,,,,,,,,,,,,,,,,,,
2026-03-09,2026-03-09,TSSAds,1,Test - New Traffic Ad set with recommended settings,1,0.02,8,8,0,0,,2.5,0,,"[{""action_type"":""page_engagement"",""value"":""1""},{""action_type"":""post_engagement"",""value"":""1""},{""action_type"":""video_view"",""value"":""1""}]","[{""action_type"":""video_view"",""value"":""0.02""},{""action_type"":""post_engagement"",""value"":""0.02""},{""action_type"":""page_engagement"",""value"":""0.02""}]",Tennessee,,,,,,,,1.0,,1.0,,,1.0,,,,0.02,0.02,,0.02
2026-03-09,2026-03-09,TSSAds,1,Test - New Traffic Ad set with recommended settings,1,0.3,76,75,4,5.263158,0.075,3.947368,0,,"[{""action_type"":""link_click"",""value"":""4""},{""action_type"":""page_engagement"",""value"":""31""},{""action_type"":""post_engagement"",""value"":""31""},{""action_type"":""post_interaction_gross"",""value"":""2""},{""action_type"":""onsite_conversion.post_net_like"",""value"":""2""},{""action_type"":""video_view"",""value"":""25""},{""action_type"":""post_reaction"",""value"":""2""}]","[{""action_type"":""video_view"",""value"":""0.012""},{""action_type"":""link_click"",""value"":""0.075""},{""action_type"":""post_interaction_gross"",""value"":""0.15""},{""action_type"":""post_engagement"",""value"":""0.009677""},{""action_type"":""page_engagement"",""value"":""0.009677""}]",Texas,4.0,,2.0,,,,,31.0,,31.0,2.0,2.0,25.0,0.075,,,0.009677,0.009677,0.15,0.012
2026-03-09,2026-03-09,TSSAds,1,Test - New Traffic Ad set with recommended settings,1,0,4,4,0,0,,0,0,,"[{""action_type"":""page_engagement"",""value"":""1""},{""action_type"":""post_engagement"",""value"":""1""},{""action_type"":""video_view"",""value"":""1""}]","[{""action_type"":""video_view"",""value"":""0""},{""action_type"":""post_engagement"",""value"":""0""},{""action_type"":""page_engagement"",""value"":""0""}]",Utah,,,,,,,,1.0,,1.0,,,1.0,,,,0.0,0.0,,0.0
2026-03-09,2026-03-09,TSSAds,1,Test - New Traffic Ad set with recommended settings,1,0.08,12,12,0,0,,6.666667,0,,"[{""action_type"":""page_engagement"",""value"":""5""},{""action_type"":""post_engagement"",""value"":""5""},{""action_type"":""video_view"",""value"":""5""}]","[{""action_type"":""video_view"",""value"":""0.016""},{""action_type"":""post_engagement"",""value"":""0.016""},{""action_type"":""page_engagement"",""value"":""0.016""}]",Virginia,,,,,,,,5.0,,5.0,,,5.0,,,,0.016,0.016,,0.016
2026-03-09,2026-03-09,TSSAds,1,Test - New Traffic Ad set with recommended settings,1,0.13,16,16,1,6.25,0.13,8.125,0,,"[{""action_type"":""link_click"",""value"":""1""},{""action_type"":""page_engagement"",""value"":""9""},{""action_type"":""post_engagement"",""value"":""9""},{""action_type"":""post_interaction_gross"",""value"":""1""},{""action_type"":""onsite_conversion.post_net_like"",""value"":""1""},{""action_type"":""video_view"",""value"":""7""},{""action_type"":""post_reaction"",""value"":""1""}]","[{""action_type"":""video_view"",""value"":""0.018571""},{""action_type"":""link_click"",""value"":""0.13""},{""action_type"":""post_interaction_gross"",""value"":""0.13""},{""action_type"":""post_engagement"",""value"":""0.014444""},{""action_type"":""page_engagement"",""value"":""0.014444""}]",Washington,1.0,,1.0,,,,,9.0,,9.0,1.0,1.0,7.0,0.13,,,0.014444,0.014444,0.13,0.018571
2026-03-09,2026-03-09,TSSAds,1,Test - New Traffic Ad set with recommended settings,1,0.02,4,4,1,25,0.02,5,0,,"[{""action_type"":""link_click"",""value"":""1""},{""action_type"":""page_engagement"",""value"":""4""},{""action_type"":""post_engagement"",""value"":""4""},{""action_type"":""video_view"",""value"":""3""}]","[{""action_type"":""video_view"",""value"":""0.006667""},{""action_type"":""link_click"",""value"":""0.02""},{""action_type"":""post_engagement"",""value"":""0.005""},{""action_type"":""page_engagement"",""value"":""0.005""}]","Washington, District of Columbia",1.0,,,,,,,4.0,,4.0,,,3.0,0.02,,,0.005,0.005,,0.006667
2026-03-09,2026-03-09,TSSAds,1,Test - New Traffic Ad set with recommended settings,1,0.07,11,11,2,18.181818,0.035,6.363636,0,,"[{""action_type"":""link_click"",""value"":""2""},{""action_type"":""page_engagement"",""value"":""11""},{""action_type"":""post_engagement"",""value"":""11""},{""action_type"":""video_view"",""value"":""9""}]","[{""action_type"":""video_view"",""value"":""0.007778""},{""action_type"":""link_click"",""value"":""0.035""},{""action_type"":""post_engagement"",""value"":""0.006364""},{""action_type"":""page_engagement"",""value"":""0.006364""}]",Wisconsin,2.0,,,,,,,11.0,,11.0,,,9.0,0.035,,,0.006364,0.006364,,0.007778
2026-03-09,2026-03-09,TSSAds,1,Test - New Traffic Ad set with recommended settings,1,0.02,2,1,0,0,,10,0,,[],[],Wyoming,,,,,,,,,,,,,,,,,,,,
2026-03-09,2026-03-09,TSSAds,2,New Traffic Ad set with recommended settings,1,0,1,1,0,0,,0,0,,"[{""action_type"":""page_engagement"",""value"":""2""},{""action_type"":""post_engagement"",""value"":""2""},{""action_type"":""post_interaction_gross"",""value"":""1""},{""action_type"":""onsite_conversion.post_net_like"",""value"":""1""},{""action_type"":""video_view"",""value"":""1""},{""action_type"":""post_reaction"",""value"":""1""}]","[{""action_type"":""video_view"",""value"":""0""},{""action_type"":""post_interaction_gross"",""value"":""0""},{""action_type"":""post_engagement"",""value"":""0""},{""action_type"":""page_engagement"",""value"":""0""}]",Alabama,,,1.0,,,,,2.0,,2.0,1.0,1.0,1.0,,,,0.0,0.0,0.0,0.0
2026-03-09,2026-03-09,TSSAds,2,New Traffic Ad set with recommended settings,1,0.01,6,6,0,0,,1.666667,0,,"[{""action_type"":""page_engagement"",""value"":""4""},{""action_type"":""post_engagement"",""value"":""4""},{""action_type"":""video_view"",""value"":""4""}]","[{""action_type"":""video_view"",""value"":""0.0025""},{""action_type"":""post_engagement"",""value"":""0.0025""},{""action_type"":""page_engagement"",""value"":""0.0025""}]",Arizona,,,,,,,,4.0,,4.0,,,4.0,,,,0.0025,0.0025,,0.0025
2026-03-09,2026-03-09,TSSAds,2,New Traffic Ad set with recommended settings,1,4.22,621,604,21,3.381643,0.200952,6.795491,0,,"[{""action_type"":""link_click"",""value"":""21""},{""action_type"":""page_engagement"",""value"":""265""},{""action_type"":""onsite_conversion.post_unlike"",""value"":""1""},{""action_type"":""post_engagement"",""value"":""265""},{""action_type"":""post_interaction_gross"",""value"":""8""},{""action_type"":""post"",""value"":""4""},{""action_type"":""onsite_conversion.post_net_like"",""value"":""3""},{""action_type"":""video_view"",""value"":""236""},{""action_type"":""post_reaction"",""value"":""4""}]","[{""action_type"":""video_view"",""value"":""0.017881""},{""action_type"":""link_click"",""value"":""0.200952""},{""action_type"":""post_interaction_gross"",""value"":""0.5275""},{""action_type"":""post_engagement"",""value"":""0.015925""},{""action_type"":""page_engagement"",""value"":""0.015925""}]",California,21.0,,3.0,,,1.0,,265.0,4.0,265.0,8.0,4.0,236.0,0.200952,,,0.015925,0.015925,0.5275,0.017881
2026-03-09,2026-03-09,TSSAds,2,New Traffic Ad set with recommended settings,1,0.16,23,22,1,4.347826,0.16,6.956522,0,,"[{""action_type"":""link_click"",""value"":""1""},{""action_type"":""page_engagement"",""value"":""7""},{""action_type"":""post_engagement"",""value"":""7""},{""action_type"":""video_view"",""value"":""6""}]","[{""action_type"":""video_view"",""value"":""0.026667""},{""action_type"":""link_click"",""value"":""0.16""},{""action_type"":""post_engagement"",""value"":""0.022857""},{""action_type"":""page_engagement"",""value"":""0.022857""}]",Colorado,1.0,,,,,,,7.0,,7.0,,,6.0,0.16,,,0.022857,0.022857,,0.026667
2026-03-09,2026-03-09,TSSAds,2,New Traffic Ad set with recommended settings,1,0.01,1,1,0,0,,10,0,,[],[],Connecticut,,,,,,,,,,,,,,,,,,,,
2026-03-09,2026-03-09,TSSAds,2,New Traffic Ad set with recommended settings,1,0.03,8,7,0,0,,3.75,0,,[],[],Florida,,,,,,,,,,,,,,,,,,,,
2026-03-09,2026-03-09,TSSAds,2,New Traffic Ad set with recommended settings,1,0.02,3,3,0,0,,6.666667,0,,[],[],Georgia,,,,,,,,,,,,,,,,,,,,
2026-03-09,2026-03-09,TSSAds,2,New Traffic Ad set with recommended settings,1,0.02,4,4,0,0,,5,0,,"[{""action_type"":""page_engagement"",""value"":""5""},{""action_type"":""post_engagement"",""value"":""5""},{""action_type"":""post_interaction_gross"",""value"":""1""},{""action_type"":""onsite_conversion.post_net_like"",""value"":""1""},{""action_type"":""video_view"",""value"":""4""},{""action_type"":""post_reaction"",""value"":""1""}]","[{""action_type"":""video_view"",""value"":""0.005""},{""action_type"":""post_interaction_gross"",""value"":""0.02""},{""action_type"":""post_engagement"",""value"":""0.004""},{""action_type"":""page_engagement"",""value"":""0.004""}]",Hawaii,,,1.0,,,,,5.0,,5.0,1.0,1.0,4.0,,,,0.004,0.004,0.02,0.005
2026-03-09,2026-03-09,TSSAds,2,New Traffic Ad set with recommended settings,1,0.02,4,4,0,0,,5,0,,"[{""action_type"":""page_engagement"",""value"":""1""},{""action_type"":""post_engagement"",""value"":""1""},{""action_type"":""video_view"",""value"":""1""}]","[{""action_type"":""video_view"",""value"":""0.02""},{""action_type"":""post_engagement"",""value"":""0.02""},{""action_type"":""page_engagement"",""value"":""0.02""}]",Illinois,,,,,,,,1.0,,1.0,,,1.0,,,,0.02,0.02,,0.02
2026-03-09,2026-03-09,TSSAds,2,New Traffic Ad set with recommended settings,1,0.01,2,2,0,0,,5,0,,"[{""action_type"":""page_engagement"",""value"":""1""},{""action_type"":""post_engagement"",""value"":""1""},{""action_type"":""video_view"",""value"":""1""}]","[{""action_type"":""video_view"",""value"":""0.01""},{""action_type"":""post_engagement"",""value"":""0.01""},{""action_type"":""page_engagement"",""value"":""0.01""}]",Indiana,,,,,,,,1.0,,1.0,,,1.0,,,,0.01,0.01,,0.01
2026-03-09,2026-03-09,TSSAds,2,New Traffic Ad set with recommended settings,1,0.01,2,2,0,0,,5,0,,"[{""action_type"":""page_engagement"",""value"":""1""},{""action_type"":""post_engagement"",""value"":""1""},{""action_type"":""video_view"",""value"":""1""}]","[{""action_type"":""video_view"",""value"":""0.01""},{""action_type"":""post_engagement"",""value"":""0.01""},{""action_type"":""page_engagement"",""value"":""0.01""}]",Maryland,,,,,,,,1.0,,1.0,,,1.0,,,,0.01,0.01,,0.01
2026-03-09,2026-03-09,TSSAds,2,New Traffic Ad set with recommended settings,1,0.03,5,5,0,0,,6,0,,"[{""action_type"":""page_engagement"",""value"":""1""},{""action_type"":""post_engagement"",""value"":""1""},{""action_type"":""video_view"",""value"":""1""}]","[{""action_type"":""video_view"",""value"":""0.03""},{""action_type"":""post_engagement"",""value"":""0.03""},{""action_type"":""page_engagement"",""value"":""0.03""}]",Massachusetts,,,,,,,,1.0,,1.0,,,1.0,,,,0.03,0.03,,0.03
2026-03-09,2026-03-09,TSSAds,2,New Traffic Ad set with recommended settings,1,0.01,3,3,0,0,,3.333333,0,,[],[],Michigan,,,,,,,,,,,,,,,,,,,,
2026-03-09,2026-03-09,TSSAds,2,New Traffic Ad set with recommended settings,1,0.01,4,4,0,0,,2.5,0,,"[{""action_type"":""page_engagement"",""value"":""2""},{""action_type"":""post_engagement"",""value"":""2""},{""action_type"":""video_view"",""value"":""2""}]","[{""action_type"":""video_view"",""value"":""0.005""},{""action_type"":""post_engagement"",""value"":""0.005""},{""action_type"":""page_engagement"",""value"":""0.005""}]",Missouri,,,,,,,,2.0,,2.0,,,2.0,,,,0.005,0.005,,0.005
2026-03-09,2026-03-09,TSSAds,2,New Traffic Ad set with recommended settings,1,0.03,6,6,0,0,,5,0,,"[{""action_type"":""page_engagement"",""value"":""1""},{""action_type"":""post_engagement"",""value"":""1""},{""action_type"":""video_view"",""value"":""1""}]","[{""action_type"":""video_view"",""value"":""0.03""},{""action_type"":""post_engagement"",""value"":""0.03""},{""action_type"":""page_engagement"",""value"":""0.03""}]",Nevada,,,,,,,,1.0,,1.0,,,1.0,,,,0.03,0.03,,0.03
2026-03-09,2026-03-09,TSSAds,2,New Traffic Ad set with recommended settings,1,0,3,3,0,0,,0,0,,"[{""action_type"":""page_engagement"",""value"":""1""},{""action_type"":""post_engagement"",""value"":""1""},{""action_type"":""video_view"",""value"":""1""}]","[{""action_type"":""video_view"",""value"":""0""},{""action_type"":""post_engagement"",""value"":""0""},{""action_type"":""page_engagement"",""value"":""0""}]",New Jersey,,,,,,,,1.0,,1.0,,,1.0,,,,0.0,0.0,,0.0
2026-03-09,2026-03-09,TSSAds,2,New Traffic Ad set with recommended settings,1,0.05,4,4,0,0,,12.5,0,,"[{""action_type"":""page_engagement"",""value"":""2""},{""action_type"":""post_engagement"",""value"":""2""},{""action_type"":""video_view"",""value"":""2""}]","[{""action_type"":""video_view"",""value"":""0.025""},{""action_type"":""post_engagement"",""value"":""0.025""},{""action_type"":""page_engagement"",""value"":""0.025""}]",New York,,,,,,,,2.0,,2.0,,,2.0,,,,0.025,0.025,,0.025
2026-03-09,2026-03-09,TSSAds,2,New Traffic Ad set with recommended settings,1,0.03,4,4,0,0,,7.5,0,,"[{""action_type"":""page_engagement"",""value"":""1""},{""action_type"":""post_engagement"",""value"":""1""},{""action_type"":""video_view"",""value"":""1""}]","[{""action_type"":""video_view"",""value"":""0.03""},{""action_type"":""post_engagement"",""value"":""0.03""},{""action_type"":""page_engagement"",""value"":""0.03""}]",North Carolina,,,,,,,,1.0,,1.0,,,1.0,,,,0.03,0.03,,0.03
2026-03-09,2026-03-09,TSSAds,2,New Traffic Ad set with recommended settings,1,0,1,1,0,0,,0,0,,[],[],Ohio,,,,,,,,,,,,,,,,,,,,
2026-03-09,2026-03-09,TSSAds,2,New Traffic Ad set with recommended settings,1,0,1,1,0,0,,0,0,,"[{""action_type"":""page_engagement"",""value"":""1""},{""action_type"":""post_engagement"",""value"":""1""},{""action_type"":""video_view"",""value"":""1""}]","[{""action_type"":""video_view"",""value"":""0""},{""action_type"":""post_engagement"",""value"":""0""},{""action_type"":""page_engagement"",""value"":""0""}]",Oklahoma,,,,,,,,1.0,,1.0,,,1.0,,,,0.0,0.0,,0.0
2026-03-09,2026-03-09,TSSAds,2,New Traffic Ad set with recommended settings,1,0,1,1,0,0,,0,0,,[],[],Oregon,,,,,,,,,,,,,,,,,,,,
2026-03-09,2026-03-09,TSSAds,2,New Traffic Ad set with recommended settings,1,0.01,2,2,0,0,,5,0,,"[{""action_type"":""page_engagement"",""value"":""2""},{""action_type"":""post_engagement"",""value"":""2""},{""action_type"":""video_view"",""value"":""2""}]","[{""action_type"":""video_view"",""value"":""0.005""},{""action_type"":""post_engagement"",""value"":""0.005""},{""action_type"":""page_engagement"",""value"":""0.005""}]",Pennsylvania,,,,,,,,2.0,,2.0,,,2.0,,,,0.005,0.005,,0.005
2026-03-09,2026-03-09,TSSAds,2,New Traffic Ad set with recommended settings,1,0.01,1,1,0,0,,10,0,,"[{""action_type"":""page_engagement"",""value"":""1""},{""action_type"":""post_engagement"",""value"":""1""},{""action_type"":""video_view"",""value"":""1""}]","[{""action_type"":""video_view"",""value"":""0.01""},{""action_type"":""post_engagement"",""value"":""0.01""},{""action_type"":""page_engagement"",""value"":""0.01""}]",South Carolina,,,,,,,,1.0,,1.0,,,1.0,,,,0.01,0.01,,0.01
2026-03-09,2026-03-09,TSSAds,2,New Traffic Ad set with recommended settings,1,0.05,10,10,0,0,,5,0,,"[{""action_type"":""page_engagement"",""value"":""3""},{""action_type"":""post_engagement"",""value"":""3""},{""action_type"":""video_view"",""value"":""3""}]","[{""action_type"":""video_view"",""value"":""0.016667""},{""action_type"":""post_engagement"",""value"":""0.016667""},{""action_type"":""page_engagement"",""value"":""0.016667""}]",Texas,,,,,,,,3.0,,3.0,,,3.0,,,,0.016667,0.016667,,0.016667
2026-03-09,2026-03-09,TSSAds,2,New Traffic Ad set with recommended settings,1,0,1,1,0,0,,0,0,,[],[],Utah,,,,,,,,,,,,,,,,,,,,
2026-03-09,2026-03-09,TSSAds,2,New Traffic Ad set with recommended settings,1,0.03,2,2,0,0,,15,0,,"[{""action_type"":""page_engagement"",""value"":""1""},{""action_type"":""post_engagement"",""value"":""1""},{""action_type"":""video_view"",""value"":""1""}]","[{""action_type"":""video_view"",""value"":""0.03""},{""action_type"":""post_engagement"",""value"":""0.03""},{""action_type"":""page_engagement"",""value"":""0.03""}]",Virginia,,,,,,,,1.0,,1.0,,,1.0,,,,0.03,0.03,,0.03
2026-03-09,2026-03-09,TSSAds,2,New Traffic Ad set with recommended settings,1,0.02,4,4,1,25,0.02,5,0,,"[{""action_type"":""link_click"",""value"":""1""},{""action_type"":""page_engagement"",""value"":""3""},{""action_type"":""post_engagement"",""value"":""3""},{""action_type"":""video_view"",""value"":""2""}]","[{""action_type"":""video_view"",""value"":""0.01""},{""action_type"":""link_click"",""value"":""0.02""},{""action_type"":""post_engagement"",""value"":""0.006667""},{""action_type"":""page_engagement"",""value"":""0.006667""}]",Washington,1.0,,,,,,,3.0,,3.0,,,2.0,0.02,,,0.006667,0.006667,,0.01
2026-03-09,2026-03-09,TSSAds,2,New Traffic Ad set with recommended settings,1,0.02,1,1,0,0,,20,0,,[],[],Wisconsin,,,,,,,,,,,,,,,,,,,,
2026-03-09,2026-03-09,TSSAds,2,New Traffic Ad set with recommended settings,1,0.01,2,2,0,0,,5,0,,"[{""action_type"":""page_engagement"",""value"":""1""},{""action_type"":""post_engagement"",""value"":""1""},{""action_type"":""video_view"",""value"":""1""}]","[{""action_type"":""video_view"",""value"":""0.01""},{""action_type"":""post_engagement"",""value"":""0.01""},{""action_type"":""page_engagement"",""value"":""0.01""}]",Wyoming,,,,,,,,1.0,,1.0,,,1.0,,,,0.01,0.01,,0.01
2026-03-09,2026-03-09,TSSAds,2,Test - New Traffic Ad set with recommended settings,1,0.05,5,5,0,0,,10,0,,"[{""action_type"":""page_engagement"",""value"":""2""},{""action_type"":""post_engagement"",""value"":""2""},{""action_type"":""video_view"",""value"":""2""}]","[{""action_type"":""video_view"",""value"":""0.025""},{""action_type"":""post_engagement"",""value"":""0.025""},{""action_type"":""page_engagement"",""value"":""0.025""}]",Alabama,,,,,,,,2.0,,2.0,,,2.0,,,,0.025,0.025,,0.025
2026-03-09,2026-03-09,TSSAds,2,Test - New Traffic Ad set with recommended settings,1,0.34,37,37,1,2.702703,0.34,9.189189,0,,"[{""action_type"":""link_click"",""value"":""1""},{""action_type"":""page_engagement"",""value"":""15""},{""action_type"":""post_engagement"",""value"":""15""},{""action_type"":""post_interaction_gross"",""value"":""1""},{""action_type"":""onsite_conversion.post_net_like"",""value"":""1""},{""action_type"":""video_view"",""value"":""13""},{""action_type"":""post_reaction"",""value"":""1""}]","[{""action_type"":""video_view"",""value"":""0.026154""},{""action_type"":""link_click"",""value"":""0.34""},{""action_type"":""post_interaction_gross"",""value"":""0.34""},{""action_type"":""post_engagement"",""value"":""0.022667""},{""action_type"":""page_engagement"",""value"":""0.022667""}]",Arizona,1.0,,1.0,,,,,15.0,,15.0,1.0,1.0,13.0,0.34,,,0.022667,0.022667,0.34,0.026154
2026-03-09,2026-03-09,TSSAds,2,Test - New Traffic Ad set with recommended settings,1,0.01,3,3,0,0,,3.333333,0,,[],[],Arkansas,,,,,,,,,,,,,,,,,,,,
2026-03-09,2026-03-09,TSSAds,2,Test - New Traffic Ad set with recommended settings,1,3.29,431,422,33,7.656613,0.099697,7.633411,0,,"[{""action_type"":""link_click"",""value"":""33""},{""action_type"":""page_engagement"",""value"":""215""},{""action_type"":""post_engagement"",""value"":""215""},{""action_type"":""post_interaction_gross"",""value"":""13""},{""action_type"":""post"",""value"":""1""},{""action_type"":""onsite_conversion.post_net_like"",""value"":""12""},{""action_type"":""video_view"",""value"":""169""},{""action_type"":""post_reaction"",""value"":""12""}]","[{""action_type"":""video_view"",""value"":""0.019467""},{""action_type"":""link_click"",""value"":""0.099697""},{""action_type"":""post_interaction_gross"",""value"":""0.253077""},{""action_type"":""post_engagement"",""value"":""0.015302""},{""action_type"":""page_engagement"",""value"":""0.015302""}]",California,33.0,,12.0,,,,,215.0,1.0,215.0,13.0,12.0,169.0,0.099697,,,0.015302,0.015302,0.253077,0.019467
2026-03-09,2026-03-09,TSSAds,2,Test - New Traffic Ad set with recommended settings,1,0.28,58,54,0,0,,4.827586,0,,"[{""action_type"":""page_engagement"",""value"":""22""},{""action_type"":""post_engagement"",""value"":""22""},{""action_type"":""video_view"",""value"":""22""}]","[{""action_type"":""video_view"",""value"":""0.012727""},{""action_type"":""post_engagement"",""value"":""0.012727""},{""action_type"":""page_engagement"",""value"":""0.012727""}]",Colorado,,,,,,,,22.0,,22.0,,,22.0,,,,0.012727,0.012727,,0.012727
2026-03-09,2026-03-09,TSSAds,2,Test - New Traffic Ad set with recommended settings,1,0.06,10,10,1,10,0.06,6,0,,"[{""action_type"":""link_click"",""value"":""1""},{""action_type"":""page_engagement"",""value"":""2""},{""action_type"":""post_engagement"",""value"":""2""},{""action_type"":""video_view"",""value"":""1""}]","[{""action_type"":""video_view"",""value"":""0.06""},{""action_type"":""link_click"",""value"":""0.06""},{""action_type"":""post_engagement"",""value"":""0.03""},{""action_type"":""page_engagement"",""value"":""0.03""}]",Connecticut,1.0,,,,,,,2.0,,2.0,,,1.0,0.06,,,0.03,0.03,,0.06
2026-03-09,2026-03-09,TSSAds,2,Test - New Traffic Ad set with recommended settings,1,0.39,63,63,11,17.460317,0.035455,6.190476,0,,"[{""action_type"":""link_click"",""value"":""11""},{""action_type"":""page_engagement"",""value"":""34""},{""action_type"":""post_engagement"",""value"":""34""},{""action_type"":""video_view"",""value"":""23""}]","[{""action_type"":""video_view"",""value"":""0.016957""},{""action_type"":""link_click"",""value"":""0.035455""},{""action_type"":""post_engagement"",""value"":""0.011471""},{""action_type"":""page_engagement"",""value"":""0.011471""}]",Florida,11.0,,,,,,,34.0,,34.0,,,23.0,0.035455,,,0.011471,0.011471,,0.016957
2026-03-09,2026-03-09,TSSAds,2,Test - New Traffic Ad set with recommended settings,1,0.19,25,25,1,4,0.19,7.6,0,,"[{""action_type"":""link_click"",""value"":""1""},{""action_type"":""page_engagement"",""value"":""12""},{""action_type"":""post_engagement"",""value"":""12""},{""action_type"":""video_view"",""value"":""11""}]","[{""action_type"":""video_view"",""value"":""0.017273""},{""action_type"":""link_click"",""value"":""0.19""},{""action_type"":""post_engagement"",""value"":""0.015833""},{""action_type"":""page_engagement"",""value"":""0.015833""}]",Georgia,1.0,,,,,,,12.0,,12.0,,,11.0,0.19,,,0.015833,0.015833,,0.017273
2026-03-09,2026-03-09,TSSAds,2,Test - New Traffic Ad set with recommended settings,1,0.01,2,2,0,0,,5,0,,"[{""action_type"":""page_engagement"",""value"":""1""},{""action_type"":""post_engagement"",""value"":""1""},{""action_type"":""video_view"",""value"":""1""}]","[{""action_type"":""video_view"",""value"":""0.01""},{""action_type"":""post_engagement"",""value"":""0.01""},{""action_type"":""page_engagement"",""value"":""0.01""}]",Hawaii,,,,,,,,1.0,,1.0,,,1.0,,,,0.01,0.01,,0.01
2026-03-09,2026-03-09,TSSAds,2,Test - New Traffic Ad set with recommended settings,1,0.03,3,3,0,0,,10,0,,"[{""action_type"":""page_engagement"",""value"":""2""},{""action_type"":""post_engagement"",""value"":""2""},{""action_type"":""post_interaction_gross"",""value"":""1""},{""action_type"":""onsite_conversion.post_net_like"",""value"":""1""},{""action_type"":""video_view"",""value"":""1""},{""action_type"":""post_reaction"",""value"":""1""}]","[{""action_type"":""video_view"",""value"":""0.03""},{""action_type"":""post_interaction_gross"",""value"":""0.03""},{""action_type"":""post_engagement"",""value"":""0.015""},{""action_type"":""page_engagement"",""value"":""0.015""}]",Idaho,,,1.0,,,,,2.0,,2.0,1.0,1.0,1.0,,,,0.015,0.015,0.03,0.03
2026-03-09,2026-03-09,TSSAds,2,Test - New Traffic Ad set with recommended settings,1,0.08,13,13,1,7.692308,0.08,6.153846,0,,"[{""action_type"":""link_click"",""value"":""1""},{""action_type"":""page_engagement"",""value"":""7""},{""action_type"":""post_engagement"",""value"":""7""},{""action_type"":""video_view"",""value"":""6""}]","[{""action_type"":""video_view"",""value"":""0.013333""},{""action_type"":""link_click"",""value"":""0.08""},{""action_type"":""post_engagement"",""value"":""0.011429""},{""action_type"":""page_engagement"",""value"":""0.011429""}]",Illinois,1.0,,,,,,,7.0,,7.0,,,6.0,0.08,,,0.011429,0.011429,,0.013333
2026-03-09,2026-03-09,TSSAds,2,Test - New Traffic Ad set with recommended settings,1,0.04,9,9,1,11.111111,0.04,4.444444,0,,"[{""action_type"":""link_click"",""value"":""1""},{""action_type"":""page_engagement"",""value"":""4""},{""action_type"":""post_engagement"",""value"":""4""},{""action_type"":""video_view"",""value"":""3""}]","[{""action_type"":""video_view"",""value"":""0.013333""},{""action_type"":""link_click"",""value"":""0.04""},{""action_type"":""post_engagement"",""value"":""0.01""},{""action_type"":""page_engagement"",""value"":""0.01""}]",Indiana,1.0,,,,,,,4.0,,4.0,,,3.0,0.04,,,0.01,0.01,,0.013333
2026-03-09,2026-03-09,TSSAds,2,Test - New Traffic Ad set with recommended settings,1,0.01,4,4,0,0,,2.5,0,,"[{""action_type"":""page_engagement"",""value"":""2""},{""action_type"":""post_engagement"",""value"":""2""},{""action_type"":""video_view"",""value"":""2""}]","[{""action_type"":""video_view"",""value"":""0.005""},{""action_type"":""post_engagement"",""value"":""0.005""},{""action_type"":""page_engagement"",""value"":""0.005""}]",Iowa,,,,,,,,2.0,,2.0,,,2.0,,,,0.005,0.005,,0.005
2026-03-09,2026-03-09,TSSAds,2,Test - New Traffic Ad set with recommended settings,1,0.02,3,3,0,0,,6.666667,0,,"[{""action_type"":""page_engagement"",""value"":""1""},{""action_type"":""post_engagement"",""value"":""1""},{""action_type"":""video_view"",""value"":""1""}]","[{""action_type"":""video_view"",""value"":""0.02""},{""action_type"":""post_engagement"",""value"":""0.02""},{""action_type"":""page_engagement"",""value"":""0.02""}]",Kansas,,,,,,,,1.0,,1.0,,,1.0,,,,0.02,0.02,,0.02
2026-03-09,2026-03-09,TSSAds,2,Test - New Traffic Ad set with recommended settings,1,0.05,6,6,0,0,,8.333333,0,,"[{""action_type"":""page_engagement"",""value"":""2""},{""action_type"":""post_engagement"",""value"":""2""},{""action_type"":""video_view"",""value"":""2""}]","[{""action_type"":""video_view"",""value"":""0.025""},{""action_type"":""post_engagement"",""value"":""0.025""},{""action_type"":""page_engagement"",""value"":""0.025""}]",Kentucky,,,,,,,,2.0,,2.0,,,2.0,,,,0.025,0.025,,0.025
2026-03-09,2026-03-09,TSSAds,2,Test - New Traffic Ad set with recommended settings,1,0.04,7,7,0,0,,5.714286,0,,"[{""action_type"":""page_engagement"",""value"":""2""},{""action_type"":""post_engagement"",""value"":""2""},{""action_type"":""video_view"",""value"":""2""}]","[{""action_type"":""video_view"",""value"":""0.02""},{""action_type"":""post_engagement"",""value"":""0.02""},{""action_type"":""page_engagement"",""value"":""0.02""}]",Louisiana,,,,,,,,2.0,,2.0,,,2.0,,,,0.02,0.02,,0.02
2026-03-09,2026-03-09,TSSAds,2,Test - New Traffic Ad set with recommended settings,1,0.01,1,1,1,100,0.01,10,0,,"[{""action_type"":""link_click"",""value"":""1""},{""action_type"":""page_engagement"",""value"":""2""},{""action_type"":""post_engagement"",""value"":""2""},{""action_type"":""video_view"",""value"":""1""}]","[{""action_type"":""video_view"",""value"":""0.01""},{""action_type"":""link_click"",""value"":""0.01""},{""action_type"":""post_engagement"",""value"":""0.005""},{""action_type"":""page_engagement"",""value"":""0.005""}]",Maine,1.0,,,,,,,2.0,,2.0,,,1.0,0.01,,,0.005,0.005,,0.01
2026-03-09,2026-03-09,TSSAds,2,Test - New Traffic Ad set with recommended settings,1,0.04,11,11,1,9.090909,0.04,3.636364,0,,"[{""action_type"":""link_click"",""value"":""1""},{""action_type"":""page_engagement"",""value"":""8""},{""action_type"":""post_engagement"",""value"":""8""},{""action_type"":""post_interaction_gross"",""value"":""1""},{""action_type"":""onsite_conversion.post_net_like"",""value"":""1""},{""action_type"":""video_view"",""value"":""6""},{""action_type"":""post_reaction"",""value"":""1""}]","[{""action_type"":""video_view"",""value"":""0.006667""},{""action_type"":""link_click"",""value"":""0.04""},{""action_type"":""post_interaction_gross"",""value"":""0.04""},{""action_type"":""post_engagement"",""value"":""0.005""},{""action_type"":""page_engagement"",""value"":""0.005""}]",Maryland,1.0,,1.0,,,,,8.0,,8.0,1.0,1.0,6.0,0.04,,,0.005,0.005,0.04,0.006667
2026-03-09,2026-03-09,TSSAds,2,Test - New Traffic Ad set with recommended settings,1,0.06,16,16,3,18.75,0.02,3.75,0,,"[{""action_type"":""link_click"",""value"":""3""},{""action_type"":""page_engagement"",""value"":""14""},{""action_type"":""post_engagement"",""value"":""14""},{""action_type"":""post_interaction_gross"",""value"":""1""},{""action_type"":""onsite_conversion.post_net_like"",""value"":""1""},{""action_type"":""video_view"",""value"":""10""},{""action_type"":""post_reaction"",""value"":""1""}]","[{""action_type"":""video_view"",""value"":""0.006""},{""action_type"":""link_click"",""value"":""0.02""},{""action_type"":""post_interaction_gross"",""value"":""0.06""},{""action_type"":""post_engagement"",""value"":""0.004286""},{""action_type"":""page_engagement"",""value"":""0.004286""}]",Massachusetts,3.0,,1.0,,,,,14.0,,14.0,1.0,1.0,10.0,0.02,,,0.004286,0.004286,0.06,0.006
2026-03-09,2026-03-09,TSSAds,2,Test - New Traffic Ad set with recommended settings,1,0.16,11,11,1,9.090909,0.16,14.545455,0,,"[{""action_type"":""link_click"",""value"":""1""},{""action_type"":""page_engagement"",""value"":""6""},{""action_type"":""post_engagement"",""value"":""6""},{""action_type"":""video_view"",""value"":""5""}]","[{""action_type"":""video_view"",""value"":""0.032""},{""action_type"":""link_click"",""value"":""0.16""},{""action_type"":""post_engagement"",""value"":""0.026667""},{""action_type"":""page_engagement"",""value"":""0.026667""}]",Michigan,1.0,,,,,,,6.0,,6.0,,,5.0,0.16,,,0.026667,0.026667,,0.032
2026-03-09,2026-03-09,TSSAds,2,Test - New Traffic Ad set with recommended settings,1,0.04,5,5,0,0,,8,0,,"[{""action_type"":""page_engagement"",""value"":""2""},{""action_type"":""post_engagement"",""value"":""2""},{""action_type"":""video_view"",""value"":""2""}]","[{""action_type"":""video_view"",""value"":""0.02""},{""action_type"":""post_engagement"",""value"":""0.02""},{""action_type"":""page_engagement"",""value"":""0.02""}]",Minnesota,,,,,,,,2.0,,2.0,,,2.0,,,,0.02,0.02,,0.02
2026-03-09,2026-03-09,TSSAds,2,Test - New Traffic Ad set with recommended settings,1,0.04,8,8,0,0,,5,0,,"[{""action_type"":""page_engagement"",""value"":""3""},{""action_type"":""post_engagement"",""value"":""3""},{""action_type"":""video_view"",""value"":""3""}]","[{""action_type"":""video_view"",""value"":""0.013333""},{""action_type"":""post_engagement"",""value"":""0.013333""},{""action_type"":""page_engagement"",""value"":""0.013333""}]",Missouri,,,,,,,,3.0,,3.0,,,3.0,,,,0.013333,0.013333,,0.013333
2026-03-09,2026-03-09,TSSAds,2,Test - New Traffic Ad set with recommended settings,1,0.01,2,2,1,50,0.01,5,0,,"[{""action_type"":""link_click"",""value"":""1""},{""action_type"":""page_engagement"",""value"":""3""},{""action_type"":""post_engagement"",""value"":""3""},{""action_type"":""video_view"",""value"":""2""}]","[{""action_type"":""video_view"",""value"":""0.005""},{""action_type"":""link_click"",""value"":""0.01""},{""action_type"":""post_engagement"",""value"":""0.003333""},{""action_type"":""page_engagement"",""value"":""0.003333""}]",Montana,1.0,,,,,,,3.0,,3.0,,,2.0,0.01,,,0.003333,0.003333,,0.005
2026-03-09,2026-03-09,TSSAds,2,Test - New Traffic Ad set with recommended settings,1,0.01,2,2,0,0,,5,0,,[],[],Nebraska,,,,,,,,,,,,,,,,,,,,
2026-03-09,2026-03-09,TSSAds,2,Test - New Traffic Ad set with recommended settings,1,0.13,24,23,2,8.333333,0.065,5.416667,0,,"[{""action_type"":""link_click"",""value"":""2""},{""action_type"":""page_engagement"",""value"":""10""},{""action_type"":""post_engagement"",""value"":""10""},{""action_type"":""video_view"",""value"":""8""}]","[{""action_type"":""video_view"",""value"":""0.01625""},{""action_type"":""link_click"",""value"":""0.065""},{""action_type"":""post_engagement"",""value"":""0.013""},{""action_type"":""page_engagement"",""value"":""0.013""}]",Nevada,2.0,,,,,,,10.0,,10.0,,,8.0,0.065,,,0.013,0.013,,0.01625
2026-03-09,2026-03-09,TSSAds,2,Test - New Traffic Ad set with recommended settings,1,0,2,2,0,0,,0,0,,"[{""action_type"":""page_engagement"",""value"":""1""},{""action_type"":""post_engagement"",""value"":""1""},{""action_type"":""video_view"",""value"":""1""}]","[{""action_type"":""video_view"",""value"":""0""},{""action_type"":""post_engagement"",""value"":""0""},{""action_type"":""page_engagement"",""value"":""0""}]",New Hampshire,,,,,,,,1.0,,1.0,,,1.0,,,,0.0,0.0,,0.0
2026-03-09,2026-03-09,TSSAds,2,Test - New Traffic Ad set with recommended settings,1,0.15,21,21,1,4.761905,0.15,7.142857,0,,"[{""action_type"":""link_click"",""value"":""1""},{""action_type"":""page_engagement"",""value"":""10""},{""action_type"":""post_engagement"",""value"":""10""},{""action_type"":""video_view"",""value"":""9""}]","[{""action_type"":""video_view"",""value"":""0.016667""},{""action_type"":""link_click"",""value"":""0.15""},{""action_type"":""post_engagement"",""value"":""0.015""},{""action_type"":""page_engagement"",""value"":""0.015""}]",New Jersey,1.0,,,,,,,10.0,,10.0,,,9.0,0.15,,,0.015,0.015,,0.016667
2026-03-09,2026-03-09,TSSAds,2,Test - New Traffic Ad set with recommended settings,1,0.06,14,14,3,21.428571,0.02,4.285714,0,,"[{""action_type"":""link_click"",""value"":""3""},{""action_type"":""page_engagement"",""value"":""10""},{""action_type"":""post_engagement"",""value"":""10""},{""action_type"":""post_interaction_gross"",""value"":""1""},{""action_type"":""onsite_conversion.post_net_like"",""value"":""1""},{""action_type"":""video_view"",""value"":""6""},{""action_type"":""post_reaction"",""value"":""1""}]","[{""action_type"":""video_view"",""value"":""0.01""},{""action_type"":""link_click"",""value"":""0.02""},{""action_type"":""post_interaction_gross"",""value"":""0.06""},{""action_type"":""post_engagement"",""value"":""0.006""},{""action_type"":""page_engagement"",""value"":""0.006""}]",New Mexico,3.0,,1.0,,,,,10.0,,10.0,1.0,1.0,6.0,0.02,,,0.006,0.006,0.06,0.01
2026-03-09,2026-03-09,TSSAds,2,Test - New Traffic Ad set with recommended settings,1,0.1,20,20,0,0,,5,0,,"[{""action_type"":""page_engagement"",""value"":""11""},{""action_type"":""post_engagement"",""value"":""11""},{""action_type"":""post_interaction_gross"",""value"":""1""},{""action_type"":""onsite_conversion.post_net_like"",""value"":""1""},{""action_type"":""video_view"",""value"":""10""},{""action_type"":""post_reaction"",""value"":""1""}]","[{""action_type"":""video_view"",""value"":""0.01""},{""action_type"":""post_interaction_gross"",""value"":""0.1""},{""action_type"":""post_engagement"",""value"":""0.009091""},{""action_type"":""page_engagement"",""value"":""0.009091""}]",New York,,,1.0,,,,,11.0,,11.0,1.0,1.0,10.0,,,,0.009091,0.009091,0.1,0.01
2026-03-09,2026-03-09,TSSAds,2,Test - New Traffic Ad set with recommended settings,1,0.08,14,14,0,0,,5.714286,0,,"[{""action_type"":""page_engagement"",""value"":""2""},{""action_type"":""post_engagement"",""value"":""2""},{""action_type"":""video_view"",""value"":""2""}]","[{""action_type"":""video_view"",""value"":""0.04""},{""action_type"":""post_engagement"",""value"":""0.04""},{""action_type"":""page_engagement"",""value"":""0.04""}]",North Carolina,,,,,,,,2.0,,2.0,,,2.0,,,,0.04,0.04,,0.04
2026-03-09,2026-03-09,TSSAds,2,Test - New Traffic Ad set with recommended settings,1,0.1,14,14,2,14.285714,0.05,7.142857,0,,"[{""action_type"":""link_click"",""value"":""2""},{""action_type"":""page_engagement"",""value"":""9""},{""action_type"":""post_engagement"",""value"":""9""},{""action_type"":""video_view"",""value"":""7""}]","[{""action_type"":""video_view"",""value"":""0.014286""},{""action_type"":""link_click"",""value"":""0.05""},{""action_type"":""post_engagement"",""value"":""0.011111""},{""action_type"":""page_engagement"",""value"":""0.011111""}]",Ohio,2.0,,,,,,,9.0,,9.0,,,7.0,0.05,,,0.011111,0.011111,,0.014286
2026-03-09,2026-03-09,TSSAds,2,Test - New Traffic Ad set with recommended settings,1,0.02,6,6,0,0,,3.333333,0,,"[{""action_type"":""page_engagement"",""value"":""2""},{""action_type"":""post_engagement"",""value"":""2""},{""action_type"":""video_view"",""value"":""2""}]","[{""action_type"":""video_view"",""value"":""0.01""},{""action_type"":""post_engagement"",""value"":""0.01""},{""action_type"":""page_engagement"",""value"":""0.01""}]",Oklahoma,,,,,,,,2.0,,2.0,,,2.0,,,,0.01,0.01,,0.01
2026-03-09,2026-03-09,TSSAds,2,Test - New Traffic Ad set with recommended settings,1,0.08,15,15,2,13.333333,0.04,5.333333,0,,"[{""action_type"":""link_click"",""value"":""2""},{""action_type"":""page_engagement"",""value"":""11""},{""action_type"":""post_engagement"",""value"":""11""},{""action_type"":""post_interaction_gross"",""value"":""1""},{""action_type"":""onsite_conversion.post_net_like"",""value"":""1""},{""action_type"":""video_view"",""value"":""8""},{""action_type"":""post_reaction"",""value"":""1""}]","[{""action_type"":""video_view"",""value"":""0.01""},{""action_type"":""link_click"",""value"":""0.04""},{""action_type"":""post_interaction_gross"",""value"":""0.08""},{""action_type"":""post_engagement"",""value"":""0.007273""},{""action_type"":""page_engagement"",""value"":""0.007273""}]",Oregon,2.0,,1.0,,,,,11.0,,11.0,1.0,1.0,8.0,0.04,,,0.007273,0.007273,0.08,0.01
2026-03-09,2026-03-09,TSSAds,2,Test - New Traffic Ad set with recommended settings,1,0.17,28,28,1,3.571429,0.17,6.071429,0,,"[{""action_type"":""link_click"",""value"":""1""},{""action_type"":""page_engagement"",""value"":""10""},{""action_type"":""post_engagement"",""value"":""10""},{""action_type"":""post_interaction_gross"",""value"":""1""},{""action_type"":""onsite_conversion.post_net_like"",""value"":""1""},{""action_type"":""video_view"",""value"":""8""},{""action_type"":""post_reaction"",""value"":""1""}]","[{""action_type"":""video_view"",""value"":""0.02125""},{""action_type"":""link_click"",""value"":""0.17""},{""action_type"":""post_interaction_gross"",""value"":""0.17""},{""action_type"":""post_engagement"",""value"":""0.017""},{""action_type"":""page_engagement"",""value"":""0.017""}]",Pennsylvania,1.0,,1.0,,,,,10.0,,10.0,1.0,1.0,8.0,0.17,,,0.017,0.017,0.17,0.02125
2026-03-09,2026-03-09,TSSAds,2,Test - New Traffic Ad set with recommended settings,1,0.01,2,2,0,0,,5,0,,[],[],Rhode Island,,,,,,,,,,,,,,,,,,,,
2026-03-09,2026-03-09,TSSAds,2,Test - New Traffic Ad set with recommended settings,1,0.05,7,7,2,28.571429,0.025,7.142857,0,,"[{""action_type"":""link_click"",""value"":""2""},{""action_type"":""page_engagement"",""value"":""6""},{""action_type"":""post_engagement"",""value"":""6""},{""action_type"":""video_view"",""value"":""4""}]","[{""action_type"":""video_view"",""value"":""0.0125""},{""action_type"":""link_click"",""value"":""0.025""},{""action_type"":""post_engagement"",""value"":""0.008333""},{""action_type"":""page_engagement"",""value"":""0.008333""}]",South Carolina,2.0,,,,,,,6.0,,6.0,,,4.0,0.025,,,0.008333,0.008333,,0.0125
2026-03-09,2026-03-09,TSSAds,2,Test - New Traffic Ad set with recommended settings,1,0,2,2,0,0,,0,0,,[],[],South Dakota,,,,,,,,,,,,,,,,,,,,
2026-03-09,2026-03-09,TSSAds,2,Test - New Traffic Ad set with recommended settings,1,0.03,11,10,0,0,,2.727273,0,,"[{""action_type"":""page_engagement"",""value"":""3""},{""action_type"":""post_engagement"",""value"":""3""},{""action_type"":""video_view"",""value"":""3""}]","[{""action_type"":""video_view"",""value"":""0.01""},{""action_type"":""post_engagement"",""value"":""0.01""},{""action_type"":""page_engagement"",""value"":""0.01""}]",Tennessee,,,,,,,,3.0,,3.0,,,3.0,,,,0.01,0.01,,0.01
2026-03-09,2026-03-09,TSSAds,2,Test - New Traffic Ad set with recommended settings,1,0.42,75,73,6,8,0.07,5.6,0,,"[{""action_type"":""link_click"",""value"":""6""},{""action_type"":""page_engagement"",""value"":""41""},{""action_type"":""post_engagement"",""value"":""41""},{""action_type"":""post_interaction_gross"",""value"":""3""},{""action_type"":""onsite_conversion.post_net_like"",""value"":""3""},{""action_type"":""video_view"",""value"":""32""},{""action_type"":""post_reaction"",""value"":""3""}]","[{""action_type"":""video_view"",""value"":""0.013125""},{""action_type"":""link_click"",""value"":""0.07""},{""action_type"":""post_interaction_gross"",""value"":""0.14""},{""action_type"":""post_engagement"",""value"":""0.010244""},{""action_type"":""page_engagement"",""value"":""0.010244""}]",Texas,6.0,,3.0,,,,,41.0,,41.0,3.0,3.0,32.0,0.07,,,0.010244,0.010244,0.14,0.013125
2026-03-09,2026-03-09,TSSAds,2,Test - New Traffic Ad set with recommended settings,1,0.13,14,13,2,14.285714,0.065,9.285714,0,,"[{""action_type"":""link_click"",""value"":""3""},{""action_type"":""page_engagement"",""value"":""8""},{""action_type"":""post_engagement"",""value"":""8""},{""action_type"":""video_view"",""value"":""5""}]","[{""action_type"":""video_view"",""value"":""0.026""},{""action_type"":""link_click"",""value"":""0.043333""},{""action_type"":""post_engagement"",""value"":""0.01625""},{""action_type"":""page_engagement"",""value"":""0.01625""}]",Utah,3.0,,,,,,,8.0,,8.0,,,5.0,0.043333,,,0.01625,0.01625,,0.026
2026-03-09,2026-03-09,TSSAds,2,Test - New Traffic Ad set with recommended settings,1,0,1,1,0,0,,0,0,,[],[],Vermont,,,,,,,,,,,,,,,,,,,,
2026-03-09,2026-03-09,TSSAds,2,Test - New Traffic Ad set with recommended settings,1,0.15,22,22,3,13.636364,0.05,6.818182,0,,"[{""action_type"":""link_click"",""value"":""3""},{""action_type"":""page_engagement"",""value"":""12""},{""action_type"":""post_engagement"",""value"":""12""},{""action_type"":""post_interaction_gross"",""value"":""1""},{""action_type"":""onsite_conversion.post_save"",""value"":""1""},{""action_type"":""onsite_conversion.post_net_save"",""value"":""1""},{""action_type"":""video_view"",""value"":""8""}]","[{""action_type"":""video_view"",""value"":""0.01875""},{""action_type"":""link_click"",""value"":""0.05""},{""action_type"":""post_interaction_gross"",""value"":""0.15""},{""action_type"":""post_engagement"",""value"":""0.0125""},{""action_type"":""page_engagement"",""value"":""0.0125""}]",Virginia,3.0,,,1.0,1.0,,,12.0,,12.0,1.0,,8.0,0.05,,,0.0125,0.0125,0.15,0.01875
2026-03-09,2026-03-09,TSSAds,2,Test - New Traffic Ad set with recommended settings,1,0.16,28,28,2,7.142857,0.08,5.714286,0,,"[{""action_type"":""link_click"",""value"":""2""},{""action_type"":""page_engagement"",""value"":""13""},{""action_type"":""post_engagement"",""value"":""13""},{""action_type"":""post_interaction_gross"",""value"":""1""},{""action_type"":""post"",""value"":""1""},{""action_type"":""video_view"",""value"":""10""}]","[{""action_type"":""video_view"",""value"":""0.016""},{""action_type"":""link_click"",""value"":""0.08""},{""action_type"":""post_interaction_gross"",""value"":""0.16""},{""action_type"":""post_engagement"",""value"":""0.012308""},{""action_type"":""page_engagement"",""value"":""0.012308""}]",Washington,2.0,,,,,,,13.0,1.0,13.0,1.0,,10.0,0.08,,,0.012308,0.012308,0.16,0.016
2026-03-09,2026-03-09,TSSAds,2,Test - New Traffic Ad set with recommended settings,1,0.04,4,4,1,25,0.04,10,0,,"[{""action_type"":""link_click"",""value"":""1""},{""action_type"":""page_engagement"",""value"":""3""},{""action_type"":""post_engagement"",""value"":""3""},{""action_type"":""video_view"",""value"":""2""}]","[{""action_type"":""video_view"",""value"":""0.02""},{""action_type"":""link_click"",""value"":""0.04""},{""action_type"":""post_engagement"",""value"":""0.013333""},{""action_type"":""page_engagement"",""value"":""0.013333""}]","Washington, District of Columbia",1.0,,,,,,,3.0,,3.0,,,2.0,0.04,,,0.013333,0.013333,,0.02
2026-03-09,2026-03-09,TSSAds,2,Test - New Traffic Ad set with recommended settings,1,0.07,9,9,0,0,,7.777778,0,,"[{""action_type"":""page_engagement"",""value"":""5""},{""action_type"":""post_engagement"",""value"":""5""},{""action_type"":""video_view"",""value"":""5""}]","[{""action_type"":""video_view"",""value"":""0.014""},{""action_type"":""post_engagement"",""value"":""0.014""},{""action_type"":""page_engagement"",""value"":""0.014""}]",Wisconsin,,,,,,,,5.0,,5.0,,,5.0,,,,0.014,0.014,,0.014
2026-03-10,2026-03-10,TSSAds,1,New Traffic Ad set with recommended settings,1,0.020138,3,3,0,0,,6.712644,0,,"[{""action_type"":""page_engagement"",""value"":""1""},{""action_type"":""post_engagement"",""value"":""1""},{""action_type"":""video_view"",""value"":""1""}]","[{""action_type"":""video_view"",""value"":""0.020138""},{""action_type"":""post_engagement"",""value"":""0.020138""},{""action_type"":""page_engagement"",""value"":""0.020138""}]",Alabama,,,,,,,,1.0,,1.0,,,1.0,,,,0.020138,0.020138,,0.020138
2026-03-10,2026-03-10,TSSAds,1,New Traffic Ad set with recommended settings,1,0.151034,21,21,2,9.52381,0.075517,7.192118,0,,"[{""action_type"":""link_click"",""value"":""2""},{""action_type"":""page_engagement"",""value"":""12""},{""action_type"":""post_engagement"",""value"":""12""},{""action_type"":""video_view"",""value"":""10""}]","[{""action_type"":""video_view"",""value"":""0.015103""},{""action_type"":""link_click"",""value"":""0.075517""},{""action_type"":""post_engagement"",""value"":""0.012586""},{""action_type"":""page_engagement"",""value"":""0.012586""}]",Arizona,2.0,,,,,,,12.0,,12.0,,,10.0,0.075517,,,0.012586,0.012586,,0.015103
2026-03-10,2026-03-10,TSSAds,1,New Traffic Ad set with recommended settings,1,1.550621,196,193,4,2.040816,0.387655,7.91133,0,,"[{""action_type"":""link_click"",""value"":""4""},{""action_type"":""page_engagement"",""value"":""98""},{""action_type"":""post_engagement"",""value"":""98""},{""action_type"":""post_interaction_gross"",""value"":""4""},{""action_type"":""onsite_conversion.post_net_like"",""value"":""4""},{""action_type"":""video_view"",""value"":""90""},{""action_type"":""post_reaction"",""value"":""4""}]","[{""action_type"":""video_view"",""value"":""0.017229""},{""action_type"":""link_click"",""value"":""0.387655""},{""action_type"":""post_interaction_gross"",""value"":""0.387655""},{""action_type"":""post_engagement"",""value"":""0.015823""},{""action_type"":""page_engagement"",""value"":""0.015823""}]",California,4.0,,4.0,,,,,98.0,,98.0,4.0,4.0,90.0,0.387655,,,0.015823,0.015823,0.387655,0.017229
2026-03-10,2026-03-10,TSSAds,1,New Traffic Ad set with recommended settings,1,0.140966,14,14,1,7.142857,0.140966,10.068966,0,,"[{""action_type"":""link_click"",""value"":""1""},{""action_type"":""page_engagement"",""value"":""7""},{""action_type"":""post_engagement"",""value"":""7""},{""action_type"":""video_view"",""value"":""6""}]","[{""action_type"":""video_view"",""value"":""0.023494""},{""action_type"":""link_click"",""value"":""0.140966""},{""action_type"":""post_engagement"",""value"":""0.020138""},{""action_type"":""page_engagement"",""value"":""0.020138""}]",Colorado,1.0,,,,,,,7.0,,7.0,,,6.0,0.140966,,,0.020138,0.020138,,0.023494
2026-03-10,2026-03-10,TSSAds,1,New Traffic Ad set with recommended settings,1,0.020138,6,6,0,0,,3.356322,0,,"[{""action_type"":""page_engagement"",""value"":""2""},{""action_type"":""post_engagement"",""value"":""2""},{""action_type"":""video_view"",""value"":""2""}]","[{""action_type"":""video_view"",""value"":""0.010069""},{""action_type"":""post_engagement"",""value"":""0.010069""},{""action_type"":""page_engagement"",""value"":""0.010069""}]",Connecticut,,,,,,,,2.0,,2.0,,,2.0,,,,0.010069,0.010069,,0.010069
2026-03-10,2026-03-10,TSSAds,1,New Traffic Ad set with recommended settings,1,0.010069,1,1,0,0,,10.068966,0,,[],[],Delaware,,,,,,,,,,,,,,,,,,,,
2026-03-10,2026-03-10,TSSAds,1,New Traffic Ad set with recommended settings,1,0.372552,66,64,2,3.030303,0.186276,5.644723,0,,"[{""action_type"":""link_click"",""value"":""2""},{""action_type"":""page_engagement"",""value"":""35""},{""action_type"":""post_engagement"",""value"":""35""},{""action_type"":""video_view"",""value"":""33""}]","[{""action_type"":""video_view"",""value"":""0.011289""},{""action_type"":""link_click"",""value"":""0.186276""},{""action_type"":""post_engagement"",""value"":""0.010644""},{""action_type"":""page_engagement"",""value"":""0.010644""}]",Florida,2.0,,,,,,,35.0,,35.0,,,33.0,0.186276,,,0.010644,0.010644,,0.011289
2026-03-10,2026-03-10,TSSAds,1,New Traffic Ad set with recommended settings,1,0.130897,24,24,1,4.166667,0.130897,5.454023,0,,"[{""action_type"":""link_click"",""value"":""1""},{""action_type"":""page_engagement"",""value"":""13""},{""action_type"":""post_engagement"",""value"":""13""},{""action_type"":""post_interaction_gross"",""value"":""1""},{""action_type"":""post"",""value"":""1""},{""action_type"":""video_view"",""value"":""11""}]","[{""action_type"":""video_view"",""value"":""0.0119""},{""action_type"":""link_click"",""value"":""0.130897""},{""action_type"":""post_interaction_gross"",""value"":""0.130897""},{""action_type"":""post_engagement"",""value"":""0.010069""},{""action_type"":""page_engagement"",""value"":""0.010069""}]",Georgia,1.0,,,,,,,13.0,1.0,13.0,1.0,,11.0,0.130897,,,0.010069,0.010069,0.130897,0.0119
2026-03-10,2026-03-10,TSSAds,1,New Traffic Ad set with recommended settings,1,0.030207,4,4,1,25,0.030207,7.551724,0,,"[{""action_type"":""link_click"",""value"":""1""},{""action_type"":""page_engagement"",""value"":""4""},{""action_type"":""post_engagement"",""value"":""4""},{""action_type"":""video_view"",""value"":""3""}]","[{""action_type"":""video_view"",""value"":""0.010069""},{""action_type"":""link_click"",""value"":""0.030207""},{""action_type"":""post_engagement"",""value"":""0.007552""},{""action_type"":""page_engagement"",""value"":""0.007552""}]",Hawaii,1.0,,,,,,,4.0,,4.0,,,3.0,0.030207,,,0.007552,0.007552,,0.010069
2026-03-10,2026-03-10,TSSAds,1,New Traffic Ad set with recommended settings,1,0.040276,6,6,0,0,,6.712644,0,,"[{""action_type"":""page_engagement"",""value"":""4""},{""action_type"":""post_engagement"",""value"":""4""},{""action_type"":""video_view"",""value"":""4""}]","[{""action_type"":""video_view"",""value"":""0.010069""},{""action_type"":""post_engagement"",""value"":""0.010069""},{""action_type"":""page_engagement"",""value"":""0.010069""}]",Idaho,,,,,,,,4.0,,4.0,,,4.0,,,,0.010069,0.010069,,0.010069
2026-03-10,2026-03-10,TSSAds,1,New Traffic Ad set with recommended settings,1,0.060414,5,5,0,0,,12.082759,0,,"[{""action_type"":""page_engagement"",""value"":""4""},{""action_type"":""post_engagement"",""value"":""4""},{""action_type"":""video_view"",""value"":""4""}]","[{""action_type"":""video_view"",""value"":""0.015103""},{""action_type"":""post_engagement"",""value"":""0.015103""},{""action_type"":""page_engagement"",""value"":""0.015103""}]",Illinois,,,,,,,,4.0,,4.0,,,4.0,,,,0.015103,0.015103,,0.015103
2026-03-10,2026-03-10,TSSAds,1,New Traffic Ad set with recommended settings,1,0.030207,4,4,0,0,,7.551724,0,,"[{""action_type"":""page_engagement"",""value"":""2""},{""action_type"":""post_engagement"",""value"":""2""},{""action_type"":""video_view"",""value"":""2""}]","[{""action_type"":""video_view"",""value"":""0.015103""},{""action_type"":""post_engagement"",""value"":""0.015103""},{""action_type"":""page_engagement"",""value"":""0.015103""}]",Indiana,,,,,,,,2.0,,2.0,,,2.0,,,,0.015103,0.015103,,0.015103
2026-03-10,2026-03-10,TSSAds,1,New Traffic Ad set with recommended settings,1,0.030207,3,3,0,0,,10.068966,0,,"[{""action_type"":""page_engagement"",""value"":""2""},{""action_type"":""post_engagement"",""value"":""2""},{""action_type"":""video_view"",""value"":""2""}]","[{""action_type"":""video_view"",""value"":""0.015103""},{""action_type"":""post_engagement"",""value"":""0.015103""},{""action_type"":""page_engagement"",""value"":""0.015103""}]",Kansas,,,,,,,,2.0,,2.0,,,2.0,,,,0.015103,0.015103,,0.015103
2026-03-10,2026-03-10,TSSAds,1,New Traffic Ad set with recommended settings,1,0.040276,3,3,0,0,,13.425287,0,,[],[],Kentucky,,,,,,,,,,,,,,,,,,,,
2026-03-10,2026-03-10,TSSAds,1,New Traffic Ad set with recommended settings,1,0.020138,3,3,0,0,,6.712644,0,,[],[],Louisiana,,,,,,,,,,,,,,,,,,,,
2026-03-10,2026-03-10,TSSAds,1,New Traffic Ad set with recommended settings,1,0.130897,11,11,2,18.181818,0.065448,11.899687,0,,"[{""action_type"":""link_click"",""value"":""2""},{""action_type"":""page_engagement"",""value"":""5""},{""action_type"":""post_engagement"",""value"":""5""},{""action_type"":""video_view"",""value"":""3""}]","[{""action_type"":""video_view"",""value"":""0.043632""},{""action_type"":""link_click"",""value"":""0.065448""},{""action_type"":""post_engagement"",""value"":""0.026179""},{""action_type"":""page_engagement"",""value"":""0.026179""}]",Maryland,2.0,,,,,,,5.0,,5.0,,,3.0,0.065448,,,0.026179,0.026179,,0.043632
2026-03-10,2026-03-10,TSSAds,1,New Traffic Ad set with recommended settings,1,0.050345,7,7,0,0,,7.192118,0,,"[{""action_type"":""page_engagement"",""value"":""1""},{""action_type"":""post_engagement"",""value"":""1""},{""action_type"":""video_view"",""value"":""1""}]","[{""action_type"":""video_view"",""value"":""0.050345""},{""action_type"":""post_engagement"",""value"":""0.050345""},{""action_type"":""page_engagement"",""value"":""0.050345""}]",Massachusetts,,,,,,,,1.0,,1.0,,,1.0,,,,0.050345,0.050345,,0.050345
2026-03-10,2026-03-10,TSSAds,1,New Traffic Ad set with recommended settings,1,0.090621,12,12,1,8.333333,0.090621,7.551724,0,,"[{""action_type"":""onsite_conversion.total_messaging_connection"",""value"":""1""},{""action_type"":""link_click"",""value"":""1""},{""action_type"":""page_engagement"",""value"":""7""},{""action_type"":""post_engagement"",""value"":""7""},{""action_type"":""onsite_conversion.messaging_first_reply"",""value"":""1""},{""action_type"":""video_view"",""value"":""6""}]","[{""action_type"":""onsite_conversion.total_messaging_connection"",""value"":""0.090621""},{""action_type"":""video_view"",""value"":""0.015103""},{""action_type"":""link_click"",""value"":""0.090621""},{""action_type"":""post_engagement"",""value"":""0.012946""},{""action_type"":""page_engagement"",""value"":""0.012946""},{""action_type"":""onsite_conversion.messaging_first_reply"",""value"":""0.090621""}]",Michigan,1.0,1.0,,,,,1.0,7.0,,7.0,,,6.0,0.090621,0.090621,0.090621,0.012946,0.012946,,0.015103
2026-03-10,2026-03-10,TSSAds,1,New Traffic Ad set with recommended settings,1,0.030207,5,5,1,20,0.030207,6.041379,0,,"[{""action_type"":""link_click"",""value"":""1""},{""action_type"":""page_engagement"",""value"":""2""},{""action_type"":""post_engagement"",""value"":""2""},{""action_type"":""video_view"",""value"":""1""}]","[{""action_type"":""video_view"",""value"":""0.030207""},{""action_type"":""link_click"",""value"":""0.030207""},{""action_type"":""post_engagement"",""value"":""0.015103""},{""action_type"":""page_engagement"",""value"":""0.015103""}]",Minnesota,1.0,,,,,,,2.0,,2.0,,,1.0,0.030207,,,0.015103,0.015103,,0.030207
2026-03-10,2026-03-10,TSSAds,1,New Traffic Ad set with recommended settings,1,0.010069,1,1,0,0,,10.068966,0,,[],[],Mississippi,,,,,,,,,,,,,,,,,,,,
2026-03-10,2026-03-10,TSSAds,1,New Traffic Ad set with recommended settings,1,0.010069,7,7,0,0,,1.438424,0,,"[{""action_type"":""page_engagement"",""value"":""2""},{""action_type"":""post_engagement"",""value"":""2""},{""action_type"":""video_view"",""value"":""2""}]","[{""action_type"":""video_view"",""value"":""0.005034""},{""action_type"":""post_engagement"",""value"":""0.005034""},{""action_type"":""page_engagement"",""value"":""0.005034""}]",Missouri,,,,,,,,2.0,,2.0,,,2.0,,,,0.005034,0.005034,,0.005034
2026-03-10,2026-03-10,TSSAds,1,New Traffic Ad set with recommended settings,1,0.090621,13,13,2,15.384615,0.04531,6.970822,0,,"[{""action_type"":""link_click"",""value"":""2""},{""action_type"":""page_engagement"",""value"":""13""},{""action_type"":""post_engagement"",""value"":""13""},{""action_type"":""post_interaction_gross"",""value"":""1""},{""action_type"":""onsite_conversion.post_net_like"",""value"":""1""},{""action_type"":""video_view"",""value"":""10""},{""action_type"":""post_reaction"",""value"":""1""}]","[{""action_type"":""video_view"",""value"":""0.009062""},{""action_type"":""link_click"",""value"":""0.04531""},{""action_type"":""post_interaction_gross"",""value"":""0.090621""},{""action_type"":""post_engagement"",""value"":""0.006971""},{""action_type"":""page_engagement"",""value"":""0.006971""}]",Nevada,2.0,,1.0,,,,,13.0,,13.0,1.0,1.0,10.0,0.04531,,,0.006971,0.006971,0.090621,0.009062
2026-03-10,2026-03-10,TSSAds,1,New Traffic Ad set with recommended settings,1,0.040276,2,2,0,0,,20.137931,0,,"[{""action_type"":""page_engagement"",""value"":""2""},{""action_type"":""post_engagement"",""value"":""2""},{""action_type"":""video_view"",""value"":""2""}]","[{""action_type"":""video_view"",""value"":""0.020138""},{""action_type"":""post_engagement"",""value"":""0.020138""},{""action_type"":""page_engagement"",""value"":""0.020138""}]",New Hampshire,,,,,,,,2.0,,2.0,,,2.0,,,,0.020138,0.020138,,0.020138
2026-03-10,2026-03-10,TSSAds,1,New Traffic Ad set with recommended settings,1,0.060414,7,6,0,0,,8.630542,0,,"[{""action_type"":""page_engagement"",""value"":""3""},{""action_type"":""post_engagement"",""value"":""3""},{""action_type"":""video_view"",""value"":""3""}]","[{""action_type"":""video_view"",""value"":""0.020138""},{""action_type"":""post_engagement"",""value"":""0.020138""},{""action_type"":""page_engagement"",""value"":""0.020138""}]",New Jersey,,,,,,,,3.0,,3.0,,,3.0,,,,0.020138,0.020138,,0.020138
2026-03-10,2026-03-10,TSSAds,1,New Traffic Ad set with recommended settings,1,0.070483,5,5,3,60,0.023494,14.096552,0,,"[{""action_type"":""link_click"",""value"":""3""},{""action_type"":""page_engagement"",""value"":""8""},{""action_type"":""post_engagement"",""value"":""8""},{""action_type"":""video_view"",""value"":""5""}]","[{""action_type"":""video_view"",""value"":""0.014097""},{""action_type"":""link_click"",""value"":""0.023494""},{""action_type"":""post_engagement"",""value"":""0.00881""},{""action_type"":""page_engagement"",""value"":""0.00881""}]",New Mexico,3.0,,,,,,,8.0,,8.0,,,5.0,0.023494,,,0.00881,0.00881,,0.014097
2026-03-10,2026-03-10,TSSAds,1,New Traffic Ad set with recommended settings,1,0.120828,15,15,4,26.666667,0.030207,8.055172,0,,"[{""action_type"":""link_click"",""value"":""4""},{""action_type"":""page_engagement"",""value"":""14""},{""action_type"":""post_engagement"",""value"":""14""},{""action_type"":""post_interaction_gross"",""value"":""3""},{""action_type"":""post"",""value"":""1""},{""action_type"":""onsite_conversion.post_net_like"",""value"":""2""},{""action_type"":""video_view"",""value"":""7""},{""action_type"":""post_reaction"",""value"":""2""}]","[{""action_type"":""video_view"",""value"":""0.017261""},{""action_type"":""link_click"",""value"":""0.030207""},{""action_type"":""post_interaction_gross"",""value"":""0.040276""},{""action_type"":""post_engagement"",""value"":""0.008631""},{""action_type"":""page_engagement"",""value"":""0.008631""}]",New York,4.0,,2.0,,,,,14.0,1.0,14.0,3.0,2.0,7.0,0.030207,,,0.008631,0.008631,0.040276,0.017261
2026-03-10,2026-03-10,TSSAds,1,New Traffic Ad set with recommended settings,1,0.10069,14,14,1,7.142857,0.10069,7.192118,0,,"[{""action_type"":""link_click"",""value"":""1""},{""action_type"":""page_engagement"",""value"":""5""},{""action_type"":""post_engagement"",""value"":""5""},{""action_type"":""video_view"",""value"":""4""}]","[{""action_type"":""video_view"",""value"":""0.025172""},{""action_type"":""link_click"",""value"":""0.10069""},{""action_type"":""post_engagement"",""value"":""0.020138""},{""action_type"":""page_engagement"",""value"":""0.020138""}]",North Carolina,1.0,,,,,,,5.0,,5.0,,,4.0,0.10069,,,0.020138,0.020138,,0.025172
2026-03-10,2026-03-10,TSSAds,1,New Traffic Ad set with recommended settings,1,0.020138,1,1,0,0,,20.137931,0,,"[{""action_type"":""page_engagement"",""value"":""1""},{""action_type"":""post_engagement"",""value"":""1""},{""action_type"":""video_view"",""value"":""1""}]","[{""action_type"":""video_view"",""value"":""0.020138""},{""action_type"":""post_engagement"",""value"":""0.020138""},{""action_type"":""page_engagement"",""value"":""0.020138""}]",North Dakota,,,,,,,,1.0,,1.0,,,1.0,,,,0.020138,0.020138,,0.020138
2026-03-10,2026-03-10,TSSAds,1,New Traffic Ad set with recommended settings,1,0.130897,14,14,1,7.142857,0.130897,9.349754,0,,"[{""action_type"":""link_click"",""value"":""1""},{""action_type"":""page_engagement"",""value"":""8""},{""action_type"":""post_engagement"",""value"":""8""},{""action_type"":""post_interaction_gross"",""value"":""2""},{""action_type"":""onsite_conversion.post_save"",""value"":""1""},{""action_type"":""onsite_conversion.post_net_like"",""value"":""1""},{""action_type"":""onsite_conversion.post_net_save"",""value"":""1""},{""action_type"":""video_view"",""value"":""5""},{""action_type"":""post_reaction"",""value"":""1""}]","[{""action_type"":""video_view"",""value"":""0.026179""},{""action_type"":""link_click"",""value"":""0.130897""},{""action_type"":""post_interaction_gross"",""value"":""0.065448""},{""action_type"":""post_engagement"",""value"":""0.016362""},{""action_type"":""page_engagement"",""value"":""0.016362""}]",Ohio,1.0,,1.0,1.0,1.0,,,8.0,,8.0,2.0,1.0,5.0,0.130897,,,0.016362,0.016362,0.065448,0.026179
2026-03-10,2026-03-10,TSSAds,1,New Traffic Ad set with recommended settings,1,0.010069,3,3,0,0,,3.356322,0,,"[{""action_type"":""page_engagement"",""value"":""2""},{""action_type"":""post_engagement"",""value"":""2""},{""action_type"":""video_view"",""value"":""2""}]","[{""action_type"":""video_view"",""value"":""0.005034""},{""action_type"":""post_engagement"",""value"":""0.005034""},{""action_type"":""page_engagement"",""value"":""0.005034""}]",Oklahoma,,,,,,,,2.0,,2.0,,,2.0,,,,0.005034,0.005034,,0.005034
2026-03-10,2026-03-10,TSSAds,1,New Traffic Ad set with recommended settings,1,0.020138,7,7,1,14.285714,0.020138,2.876847,0,,"[{""action_type"":""link_click"",""value"":""1""},{""action_type"":""page_engagement"",""value"":""5""},{""action_type"":""post_engagement"",""value"":""5""},{""action_type"":""video_view"",""value"":""4""}]","[{""action_type"":""video_view"",""value"":""0.005034""},{""action_type"":""link_click"",""value"":""0.020138""},{""action_type"":""post_engagement"",""value"":""0.004028""},{""action_type"":""page_engagement"",""value"":""0.004028""}]",Oregon,1.0,,,,,,,5.0,,5.0,,,4.0,0.020138,,,0.004028,0.004028,,0.005034
2026-03-10,2026-03-10,TSSAds,1,New Traffic Ad set with recommended settings,1,0.120828,19,19,2,10.526316,0.060414,6.359347,0,,"[{""action_type"":""link_click"",""value"":""2""},{""action_type"":""page_engagement"",""value"":""10""},{""action_type"":""post_engagement"",""value"":""10""},{""action_type"":""video_view"",""value"":""8""}]","[{""action_type"":""video_view"",""value"":""0.015103""},{""action_type"":""link_click"",""value"":""0.060414""},{""action_type"":""post_engagement"",""value"":""0.012083""},{""action_type"":""page_engagement"",""value"":""0.012083""}]",Pennsylvania,2.0,,,,,,,10.0,,10.0,,,8.0,0.060414,,,0.012083,0.012083,,0.015103
2026-03-10,2026-03-10,TSSAds,1,New Traffic Ad set with recommended settings,1,0,1,1,0,0,,0,0,,"[{""action_type"":""page_engagement"",""value"":""2""},{""action_type"":""post_engagement"",""value"":""2""},{""action_type"":""post_interaction_gross"",""value"":""1""},{""action_type"":""onsite_conversion.post_net_like"",""value"":""1""},{""action_type"":""video_view"",""value"":""1""},{""action_type"":""post_reaction"",""value"":""1""}]","[{""action_type"":""video_view"",""value"":""0""},{""action_type"":""post_interaction_gross"",""value"":""0""},{""action_type"":""post_engagement"",""value"":""0""},{""action_type"":""page_engagement"",""value"":""0""}]",Rhode Island,,,1.0,,,,,2.0,,2.0,1.0,1.0,1.0,,,,0.0,0.0,0.0,0.0
2026-03-10,2026-03-10,TSSAds,1,New Traffic Ad set with recommended settings,1,0.030207,7,7,0,0,,4.315271,0,,"[{""action_type"":""page_engagement"",""value"":""4""},{""action_type"":""post_engagement"",""value"":""4""},{""action_type"":""video_view"",""value"":""4""}]","[{""action_type"":""video_view"",""value"":""0.007552""},{""action_type"":""post_engagement"",""value"":""0.007552""},{""action_type"":""page_engagement"",""value"":""0.007552""}]",South Carolina,,,,,,,,4.0,,4.0,,,4.0,,,,0.007552,0.007552,,0.007552
2026-03-10,2026-03-10,TSSAds,1,New Traffic Ad set with recommended settings,1,0,1,1,0,0,,0,0,,[],[],South Dakota,,,,,,,,,,,,,,,,,,,,
2026-03-10,2026-03-10,TSSAds,1,New Traffic Ad set with recommended settings,1,0.030207,9,9,0,0,,3.356322,0,,"[{""action_type"":""page_engagement"",""value"":""5""},{""action_type"":""post_engagement"",""value"":""5""},{""action_type"":""video_view"",""value"":""5""}]","[{""action_type"":""video_view"",""value"":""0.006041""},{""action_type"":""post_engagement"",""value"":""0.006041""},{""action_type"":""page_engagement"",""value"":""0.006041""}]",Tennessee,,,,,,,,5.0,,5.0,,,5.0,,,,0.006041,0.006041,,0.006041
2026-03-10,2026-03-10,TSSAds,1,New Traffic Ad set with recommended settings,1,0.342345,55,54,3,5.454545,0.114115,6.224451,0,,"[{""action_type"":""link_click"",""value"":""3""},{""action_type"":""page_engagement"",""value"":""27""},{""action_type"":""post_engagement"",""value"":""27""},{""action_type"":""post_interaction_gross"",""value"":""1""},{""action_type"":""onsite_conversion.post_net_like"",""value"":""1""},{""action_type"":""video_view"",""value"":""23""},{""action_type"":""post_reaction"",""value"":""1""}]","[{""action_type"":""video_view"",""value"":""0.014885""},{""action_type"":""link_click"",""value"":""0.114115""},{""action_type"":""post_interaction_gross"",""value"":""0.342345""},{""action_type"":""post_engagement"",""value"":""0.012679""},{""action_type"":""page_engagement"",""value"":""0.012679""}]",Texas,3.0,,1.0,,,,,27.0,,27.0,1.0,1.0,23.0,0.114115,,,0.012679,0.012679,0.342345,0.014885
2026-03-10,2026-03-10,TSSAds,1,New Traffic Ad set with recommended settings,1,0.020138,9,9,0,0,,2.237548,0,,"[{""action_type"":""page_engagement"",""value"":""5""},{""action_type"":""post_engagement"",""value"":""5""},{""action_type"":""video_view"",""value"":""5""}]","[{""action_type"":""video_view"",""value"":""0.004028""},{""action_type"":""post_engagement"",""value"":""0.004028""},{""action_type"":""page_engagement"",""value"":""0.004028""}]",Utah,,,,,,,,5.0,,5.0,,,5.0,,,,0.004028,0.004028,,0.004028
2026-03-10,2026-03-10,TSSAds,1,New Traffic Ad set with recommended settings,1,0,1,1,0,0,,0,0,,[],[],Vermont,,,,,,,,,,,,,,,,,,,,
2026-03-10,2026-03-10,TSSAds,1,New Traffic Ad set with recommended settings,1,0.050345,13,13,0,0,,3.872679,0,,"[{""action_type"":""page_engagement"",""value"":""4""},{""action_type"":""post_engagement"",""value"":""4""},{""action_type"":""video_view"",""value"":""4""}]","[{""action_type"":""video_view"",""value"":""0.012586""},{""action_type"":""post_engagement"",""value"":""0.012586""},{""action_type"":""page_engagement"",""value"":""0.012586""}]",Virginia,,,,,,,,4.0,,4.0,,,4.0,,,,0.012586,0.012586,,0.012586
2026-03-10,2026-03-10,TSSAds,1,New Traffic Ad set with recommended settings,1,0.080552,15,15,1,6.666667,0.080552,5.370115,0,,"[{""action_type"":""link_click"",""value"":""1""},{""action_type"":""page_engagement"",""value"":""8""},{""action_type"":""post_engagement"",""value"":""8""},{""action_type"":""post_interaction_gross"",""value"":""1""},{""action_type"":""post"",""value"":""1""},{""action_type"":""video_view"",""value"":""6""}]","[{""action_type"":""video_view"",""value"":""0.013425""},{""action_type"":""link_click"",""value"":""0.080552""},{""action_type"":""post_interaction_gross"",""value"":""0.080552""},{""action_type"":""post_engagement"",""value"":""0.010069""},{""action_type"":""page_engagement"",""value"":""0.010069""}]",Washington,1.0,,,,,,,8.0,1.0,8.0,1.0,,6.0,0.080552,,,0.010069,0.010069,0.080552,0.013425
2026-03-10,2026-03-10,TSSAds,1,New Traffic Ad set with recommended settings,1,0.030207,4,4,0,0,,7.551724,0,,[],[],"Washington, District of Columbia",,,,,,,,,,,,,,,,,,,,
2026-03-10,2026-03-10,TSSAds,1,New Traffic Ad set with recommended settings,1,0.010069,1,1,0,0,,10.068966,0,,"[{""action_type"":""page_engagement"",""value"":""1""},{""action_type"":""post_engagement"",""value"":""1""},{""action_type"":""video_view"",""value"":""1""}]","[{""action_type"":""video_view"",""value"":""0.010069""},{""action_type"":""post_engagement"",""value"":""0.010069""},{""action_type"":""page_engagement"",""value"":""0.010069""}]",West Virginia,,,,,,,,1.0,,1.0,,,1.0,,,,0.010069,0.010069,,0.010069
2026-03-10,2026-03-10,TSSAds,1,New Traffic Ad set with recommended settings,1,0.030207,9,9,0,0,,3.356322,0,,"[{""action_type"":""page_engagement"",""value"":""2""},{""action_type"":""post_engagement"",""value"":""2""},{""action_type"":""video_view"",""value"":""2""}]","[{""action_type"":""video_view"",""value"":""0.015103""},{""action_type"":""post_engagement"",""value"":""0.015103""},{""action_type"":""page_engagement"",""value"":""0.015103""}]",Wisconsin,,,,,,,,2.0,,2.0,,,2.0,,,,0.015103,0.015103,,0.015103
2026-03-10,2026-03-10,TSSAds,1,Test - New Traffic Ad set with recommended settings,1,0.010071,3,3,1,33.333333,0.010071,3.357143,0,,"[{""action_type"":""link_click"",""value"":""1""},{""action_type"":""page_engagement"",""value"":""3""},{""action_type"":""post_engagement"",""value"":""3""},{""action_type"":""video_view"",""value"":""2""}]","[{""action_type"":""video_view"",""value"":""0.005036""},{""action_type"":""link_click"",""value"":""0.010071""},{""action_type"":""post_engagement"",""value"":""0.003357""},{""action_type"":""page_engagement"",""value"":""0.003357""}]",Alabama,1.0,,,,,,,3.0,,3.0,,,2.0,0.010071,,,0.003357,0.003357,,0.005036
2026-03-10,2026-03-10,TSSAds,1,Test - New Traffic Ad set with recommended settings,1,0.181286,22,22,0,0,,8.24026,0,,"[{""action_type"":""page_engagement"",""value"":""9""},{""action_type"":""post_engagement"",""value"":""9""},{""action_type"":""post_interaction_gross"",""value"":""1""},{""action_type"":""onsite_conversion.post_net_like"",""value"":""1""},{""action_type"":""video_view"",""value"":""8""},{""action_type"":""post_reaction"",""value"":""1""}]","[{""action_type"":""video_view"",""value"":""0.022661""},{""action_type"":""post_interaction_gross"",""value"":""0.181286""},{""action_type"":""post_engagement"",""value"":""0.020143""},{""action_type"":""page_engagement"",""value"":""0.020143""}]",Arizona,,,1.0,,,,,9.0,,9.0,1.0,1.0,8.0,,,,0.020143,0.020143,0.181286,0.022661
2026-03-10,2026-03-10,TSSAds,1,Test - New Traffic Ad set with recommended settings,1,0.030214,5,5,0,0,,6.042857,0,,"[{""action_type"":""page_engagement"",""value"":""3""},{""action_type"":""post_engagement"",""value"":""3""},{""action_type"":""video_view"",""value"":""3""}]","[{""action_type"":""video_view"",""value"":""0.010071""},{""action_type"":""post_engagement"",""value"":""0.010071""},{""action_type"":""page_engagement"",""value"":""0.010071""}]",Arkansas,,,,,,,,3.0,,3.0,,,3.0,,,,0.010071,0.010071,,0.010071
2026-03-10,2026-03-10,TSSAds,1,Test - New Traffic Ad set with recommended settings,1,1.389857,196,191,14,7.142857,0.099276,7.091108,0,,"[{""action_type"":""link_click"",""value"":""15""},{""action_type"":""page_engagement"",""value"":""95""},{""action_type"":""post_engagement"",""value"":""95""},{""action_type"":""post_interaction_gross"",""value"":""6""},{""action_type"":""post"",""value"":""1""},{""action_type"":""onsite_conversion.post_save"",""value"":""1""},{""action_type"":""onsite_conversion.post_net_like"",""value"":""4""},{""action_type"":""onsite_conversion.post_net_save"",""value"":""1""},{""action_type"":""video_view"",""value"":""74""},{""action_type"":""post_reaction"",""value"":""4""}]","[{""action_type"":""video_view"",""value"":""0.018782""},{""action_type"":""link_click"",""value"":""0.092657""},{""action_type"":""post_interaction_gross"",""value"":""0.231643""},{""action_type"":""post_engagement"",""value"":""0.01463""},{""action_type"":""page_engagement"",""value"":""0.01463""}]",California,15.0,,4.0,1.0,1.0,,,95.0,1.0,95.0,6.0,4.0,74.0,0.092657,,,0.01463,0.01463,0.231643,0.018782
2026-03-10,2026-03-10,TSSAds,1,Test - New Traffic Ad set with recommended settings,1,0.0705,14,14,1,7.142857,0.0705,5.035714,0,,"[{""action_type"":""link_click"",""value"":""2""},{""action_type"":""page_engagement"",""value"":""6""},{""action_type"":""post_engagement"",""value"":""6""},{""action_type"":""post_interaction_gross"",""value"":""1""},{""action_type"":""onsite_conversion.post_net_like"",""value"":""1""},{""action_type"":""video_view"",""value"":""3""},{""action_type"":""post_reaction"",""value"":""1""}]","[{""action_type"":""video_view"",""value"":""0.0235""},{""action_type"":""link_click"",""value"":""0.03525""},{""action_type"":""post_interaction_gross"",""value"":""0.0705""},{""action_type"":""post_engagement"",""value"":""0.01175""},{""action_type"":""page_engagement"",""value"":""0.01175""}]",Colorado,2.0,,1.0,,,,,6.0,,6.0,1.0,1.0,3.0,0.03525,,,0.01175,0.01175,0.0705,0.0235
2026-03-10,2026-03-10,TSSAds,1,Test - New Traffic Ad set with recommended settings,1,0.060429,8,8,1,12.5,0.060429,7.553571,0,,"[{""action_type"":""link_click"",""value"":""1""},{""action_type"":""page_engagement"",""value"":""5""},{""action_type"":""post_engagement"",""value"":""5""},{""action_type"":""video_view"",""value"":""4""}]","[{""action_type"":""video_view"",""value"":""0.015107""},{""action_type"":""link_click"",""value"":""0.060429""},{""action_type"":""post_engagement"",""value"":""0.012086""},{""action_type"":""page_engagement"",""value"":""0.012086""}]",Connecticut,1.0,,,,,,,5.0,,5.0,,,4.0,0.060429,,,0.012086,0.012086,,0.015107
2026-03-10,2026-03-10,TSSAds,1,Test - New Traffic Ad set with recommended settings,1,0.020143,2,2,0,0,,10.071429,0,,"[{""action_type"":""page_engagement"",""value"":""1""},{""action_type"":""post_engagement"",""value"":""1""},{""action_type"":""video_view"",""value"":""1""}]","[{""action_type"":""video_view"",""value"":""0.020143""},{""action_type"":""post_engagement"",""value"":""0.020143""},{""action_type"":""page_engagement"",""value"":""0.020143""}]",Delaware,,,,,,,,1.0,,1.0,,,1.0,,,,0.020143,0.020143,,0.020143
2026-03-10,2026-03-10,TSSAds,1,Test - New Traffic Ad set with recommended settings,1,0.191357,34,33,2,5.882353,0.095679,5.628151,0,,"[{""action_type"":""link_click"",""value"":""2""},{""action_type"":""page_engagement"",""value"":""21""},{""action_type"":""post_engagement"",""value"":""21""},{""action_type"":""video_view"",""value"":""19""}]","[{""action_type"":""video_view"",""value"":""0.010071""},{""action_type"":""link_click"",""value"":""0.095679""},{""action_type"":""post_engagement"",""value"":""0.009112""},{""action_type"":""page_engagement"",""value"":""0.009112""}]",Florida,2.0,,,,,,,21.0,,21.0,,,19.0,0.095679,,,0.009112,0.009112,,0.010071
2026-03-10,2026-03-10,TSSAds,1,Test - New Traffic Ad set with recommended settings,1,0.080571,15,15,1,6.666667,0.080571,5.371429,0,,"[{""action_type"":""link_click"",""value"":""1""},{""action_type"":""page_engagement"",""value"":""7""},{""action_type"":""post_engagement"",""value"":""7""},{""action_type"":""video_view"",""value"":""6""}]","[{""action_type"":""video_view"",""value"":""0.013429""},{""action_type"":""link_click"",""value"":""0.080571""},{""action_type"":""post_engagement"",""value"":""0.01151""},{""action_type"":""page_engagement"",""value"":""0.01151""}]",Georgia,1.0,,,,,,,7.0,,7.0,,,6.0,0.080571,,,0.01151,0.01151,,0.013429
2026-03-10,2026-03-10,TSSAds,1,Test - New Traffic Ad set with recommended settings,1,0.0705,6,6,0,0,,11.75,0,,"[{""action_type"":""page_engagement"",""value"":""2""},{""action_type"":""post_engagement"",""value"":""2""},{""action_type"":""video_view"",""value"":""2""}]","[{""action_type"":""video_view"",""value"":""0.03525""},{""action_type"":""post_engagement"",""value"":""0.03525""},{""action_type"":""page_engagement"",""value"":""0.03525""}]",Hawaii,,,,,,,,2.0,,2.0,,,2.0,,,,0.03525,0.03525,,0.03525
2026-03-10,2026-03-10,TSSAds,1,Test - New Traffic Ad set with recommended settings,1,0.030214,2,2,0,0,,15.107143,0,,"[{""action_type"":""page_engagement"",""value"":""1""},{""action_type"":""post_engagement"",""value"":""1""},{""action_type"":""video_view"",""value"":""1""}]","[{""action_type"":""video_view"",""value"":""0.030214""},{""action_type"":""post_engagement"",""value"":""0.030214""},{""action_type"":""page_engagement"",""value"":""0.030214""}]",Idaho,,,,,,,,1.0,,1.0,,,1.0,,,,0.030214,0.030214,,0.030214
2026-03-10,2026-03-10,TSSAds,1,Test - New Traffic Ad set with recommended settings,1,0.100714,8,8,0,0,,12.589286,0,,"[{""action_type"":""page_engagement"",""value"":""2""},{""action_type"":""post_engagement"",""value"":""2""},{""action_type"":""video_view"",""value"":""2""}]","[{""action_type"":""video_view"",""value"":""0.050357""},{""action_type"":""post_engagement"",""value"":""0.050357""},{""action_type"":""page_engagement"",""value"":""0.050357""}]",Illinois,,,,,,,,2.0,,2.0,,,2.0,,,,0.050357,0.050357,,0.050357
2026-03-10,2026-03-10,TSSAds,1,Test - New Traffic Ad set with recommended settings,1,0.050357,7,7,1,14.285714,0.050357,7.193878,0,,"[{""action_type"":""link_click"",""value"":""1""},{""action_type"":""page_engagement"",""value"":""6""},{""action_type"":""post_engagement"",""value"":""6""},{""action_type"":""post_interaction_gross"",""value"":""1""},{""action_type"":""onsite_conversion.post_net_like"",""value"":""1""},{""action_type"":""video_view"",""value"":""4""},{""action_type"":""post_reaction"",""value"":""1""}]","[{""action_type"":""video_view"",""value"":""0.012589""},{""action_type"":""link_click"",""value"":""0.050357""},{""action_type"":""post_interaction_gross"",""value"":""0.050357""},{""action_type"":""post_engagement"",""value"":""0.008393""},{""action_type"":""page_engagement"",""value"":""0.008393""}]",Indiana,1.0,,1.0,,,,,6.0,,6.0,1.0,1.0,4.0,0.050357,,,0.008393,0.008393,0.050357,0.012589
2026-03-10,2026-03-10,TSSAds,1,Test - New Traffic Ad set with recommended settings,1,0.010071,1,1,0,0,,10.071429,0,,[],[],Iowa,,,,,,,,,,,,,,,,,,,,
2026-03-10,2026-03-10,TSSAds,1,Test - New Traffic Ad set with recommended settings,1,0.020143,5,5,0,0,,4.028571,0,,"[{""action_type"":""page_engagement"",""value"":""2""},{""action_type"":""post_engagement"",""value"":""2""},{""action_type"":""video_view"",""value"":""2""}]","[{""action_type"":""video_view"",""value"":""0.010071""},{""action_type"":""post_engagement"",""value"":""0.010071""},{""action_type"":""page_engagement"",""value"":""0.010071""}]",Kansas,,,,,,,,2.0,,2.0,,,2.0,,,,0.010071,0.010071,,0.010071
2026-03-10,2026-03-10,TSSAds,1,Test - New Traffic Ad set with recommended settings,1,0.020143,6,6,0,0,,3.357143,0,,"[{""action_type"":""page_engagement"",""value"":""1""},{""action_type"":""post_engagement"",""value"":""1""},{""action_type"":""video_view"",""value"":""1""}]","[{""action_type"":""video_view"",""value"":""0.020143""},{""action_type"":""post_engagement"",""value"":""0.020143""},{""action_type"":""page_engagement"",""value"":""0.020143""}]",Kentucky,,,,,,,,1.0,,1.0,,,1.0,,,,0.020143,0.020143,,0.020143
2026-03-10,2026-03-10,TSSAds,1,Test - New Traffic Ad set with recommended settings,1,0.030214,3,3,0,0,,10.071429,0,,"[{""action_type"":""page_engagement"",""value"":""3""},{""action_type"":""post_engagement"",""value"":""3""},{""action_type"":""video_view"",""value"":""3""}]","[{""action_type"":""video_view"",""value"":""0.010071""},{""action_type"":""post_engagement"",""value"":""0.010071""},{""action_type"":""page_engagement"",""value"":""0.010071""}]",Louisiana,,,,,,,,3.0,,3.0,,,3.0,,,,0.010071,0.010071,,0.010071
2026-03-10,2026-03-10,TSSAds,1,Test - New Traffic Ad set with recommended settings,1,0.010071,3,3,0,0,,3.357143,0,,"[{""action_type"":""page_engagement"",""value"":""2""},{""action_type"":""post_engagement"",""value"":""2""},{""action_type"":""video_view"",""value"":""2""}]","[{""action_type"":""video_view"",""value"":""0.005036""},{""action_type"":""post_engagement"",""value"":""0.005036""},{""action_type"":""page_engagement"",""value"":""0.005036""}]",Maine,,,,,,,,2.0,,2.0,,,2.0,,,,0.005036,0.005036,,0.005036
2026-03-10,2026-03-10,TSSAds,1,Test - New Traffic Ad set with recommended settings,1,0.030214,6,6,0,0,,5.035714,0,,"[{""action_type"":""page_engagement"",""value"":""2""},{""action_type"":""post_engagement"",""value"":""2""},{""action_type"":""video_view"",""value"":""2""}]","[{""action_type"":""video_view"",""value"":""0.015107""},{""action_type"":""post_engagement"",""value"":""0.015107""},{""action_type"":""page_engagement"",""value"":""0.015107""}]",Maryland,,,,,,,,2.0,,2.0,,,2.0,,,,0.015107,0.015107,,0.015107
2026-03-10,2026-03-10,TSSAds,1,Test - New Traffic Ad set with recommended settings,1,0.040286,8,8,0,0,,5.035714,0,,"[{""action_type"":""page_engagement"",""value"":""4""},{""action_type"":""post_engagement"",""value"":""4""},{""action_type"":""post_interaction_gross"",""value"":""1""},{""action_type"":""onsite_conversion.post_net_like"",""value"":""1""},{""action_type"":""video_view"",""value"":""3""},{""action_type"":""post_reaction"",""value"":""1""}]","[{""action_type"":""video_view"",""value"":""0.013429""},{""action_type"":""post_interaction_gross"",""value"":""0.040286""},{""action_type"":""post_engagement"",""value"":""0.010071""},{""action_type"":""page_engagement"",""value"":""0.010071""}]",Massachusetts,,,1.0,,,,,4.0,,4.0,1.0,1.0,3.0,,,,0.010071,0.010071,0.040286,0.013429
2026-03-10,2026-03-10,TSSAds,1,Test - New Traffic Ad set with recommended settings,1,0.151071,16,16,1,6.25,0.151071,9.441964,0,,"[{""action_type"":""link_click"",""value"":""1""},{""action_type"":""page_engagement"",""value"":""8""},{""action_type"":""post_engagement"",""value"":""8""},{""action_type"":""video_view"",""value"":""7""}]","[{""action_type"":""video_view"",""value"":""0.021582""},{""action_type"":""link_click"",""value"":""0.151071""},{""action_type"":""post_engagement"",""value"":""0.018884""},{""action_type"":""page_engagement"",""value"":""0.018884""}]",Michigan,1.0,,,,,,,8.0,,8.0,,,7.0,0.151071,,,0.018884,0.018884,,0.021582
2026-03-10,2026-03-10,TSSAds,1,Test - New Traffic Ad set with recommended settings,1,0.050357,8,8,1,12.5,0.050357,6.294643,0,,"[{""action_type"":""link_click"",""value"":""1""},{""action_type"":""page_engagement"",""value"":""4""},{""action_type"":""post_engagement"",""value"":""4""},{""action_type"":""video_view"",""value"":""3""}]","[{""action_type"":""video_view"",""value"":""0.016786""},{""action_type"":""link_click"",""value"":""0.050357""},{""action_type"":""post_engagement"",""value"":""0.012589""},{""action_type"":""page_engagement"",""value"":""0.012589""}]",Minnesota,1.0,,,,,,,4.0,,4.0,,,3.0,0.050357,,,0.012589,0.012589,,0.016786
2026-03-10,2026-03-10,TSSAds,1,Test - New Traffic Ad set with recommended settings,1,0.100714,9,9,0,0,,11.190476,0,,"[{""action_type"":""page_engagement"",""value"":""5""},{""action_type"":""post_engagement"",""value"":""5""},{""action_type"":""video_view"",""value"":""5""}]","[{""action_type"":""video_view"",""value"":""0.020143""},{""action_type"":""post_engagement"",""value"":""0.020143""},{""action_type"":""page_engagement"",""value"":""0.020143""}]",Missouri,,,,,,,,5.0,,5.0,,,5.0,,,,0.020143,0.020143,,0.020143
2026-03-10,2026-03-10,TSSAds,1,Test - New Traffic Ad set with recommended settings,1,0,1,1,1,100,0,0,0,,"[{""action_type"":""link_click"",""value"":""1""},{""action_type"":""page_engagement"",""value"":""2""},{""action_type"":""post_engagement"",""value"":""2""},{""action_type"":""video_view"",""value"":""1""}]","[{""action_type"":""video_view"",""value"":""0""},{""action_type"":""link_click"",""value"":""0""},{""action_type"":""post_engagement"",""value"":""0""},{""action_type"":""page_engagement"",""value"":""0""}]",Montana,1.0,,,,,,,2.0,,2.0,,,1.0,0.0,,,0.0,0.0,,0.0
2026-03-10,2026-03-10,TSSAds,1,Test - New Traffic Ad set with recommended settings,1,0.231643,30,29,4,13.333333,0.057911,7.721429,0,,"[{""action_type"":""link_click"",""value"":""4""},{""action_type"":""page_engagement"",""value"":""20""},{""action_type"":""post_engagement"",""value"":""20""},{""action_type"":""post_interaction_gross"",""value"":""1""},{""action_type"":""onsite_conversion.post_net_like"",""value"":""1""},{""action_type"":""video_view"",""value"":""15""},{""action_type"":""post_reaction"",""value"":""1""}]","[{""action_type"":""video_view"",""value"":""0.015443""},{""action_type"":""link_click"",""value"":""0.057911""},{""action_type"":""post_interaction_gross"",""value"":""0.231643""},{""action_type"":""post_engagement"",""value"":""0.011582""},{""action_type"":""page_engagement"",""value"":""0.011582""}]",Nevada,4.0,,1.0,,,,,20.0,,20.0,1.0,1.0,15.0,0.057911,,,0.011582,0.011582,0.231643,0.015443
2026-03-10,2026-03-10,TSSAds,1,Test - New Traffic Ad set with recommended settings,1,0.120857,16,16,1,6.25,0.120857,7.553571,0,,"[{""action_type"":""link_click"",""value"":""1""},{""action_type"":""page_engagement"",""value"":""10""},{""action_type"":""post_engagement"",""value"":""10""},{""action_type"":""post_interaction_gross"",""value"":""1""},{""action_type"":""onsite_conversion.post_net_like"",""value"":""1""},{""action_type"":""video_view"",""value"":""8""},{""action_type"":""post_reaction"",""value"":""1""}]","[{""action_type"":""video_view"",""value"":""0.015107""},{""action_type"":""link_click"",""value"":""0.120857""},{""action_type"":""post_interaction_gross"",""value"":""0.120857""},{""action_type"":""post_engagement"",""value"":""0.012086""},{""action_type"":""page_engagement"",""value"":""0.012086""}]",New Jersey,1.0,,1.0,,,,,10.0,,10.0,1.0,1.0,8.0,0.120857,,,0.012086,0.012086,0.120857,0.015107
2026-03-10,2026-03-10,TSSAds,1,Test - New Traffic Ad set with recommended settings,1,0.090643,10,10,0,0,,9.064286,0,,"[{""action_type"":""page_engagement"",""value"":""4""},{""action_type"":""post_engagement"",""value"":""4""},{""action_type"":""video_view"",""value"":""4""}]","[{""action_type"":""video_view"",""value"":""0.022661""},{""action_type"":""post_engagement"",""value"":""0.022661""},{""action_type"":""page_engagement"",""value"":""0.022661""}]",New Mexico,,,,,,,,4.0,,4.0,,,4.0,,,,0.022661,0.022661,,0.022661
2026-03-10,2026-03-10,TSSAds,1,Test - New Traffic Ad set with recommended settings,1,0.100714,18,18,0,0,,5.595238,0,,"[{""action_type"":""page_engagement"",""value"":""8""},{""action_type"":""post_engagement"",""value"":""8""},{""action_type"":""video_view"",""value"":""8""}]","[{""action_type"":""video_view"",""value"":""0.012589""},{""action_type"":""post_engagement"",""value"":""0.012589""},{""action_type"":""page_engagement"",""value"":""0.012589""}]",New York,,,,,,,,8.0,,8.0,,,8.0,,,,0.012589,0.012589,,0.012589
2026-03-10,2026-03-10,TSSAds,1,Test - New Traffic Ad set with recommended settings,1,0.080571,13,13,2,15.384615,0.040286,6.197802,0,,"[{""action_type"":""link_click"",""value"":""2""},{""action_type"":""page_engagement"",""value"":""9""},{""action_type"":""post_engagement"",""value"":""9""},{""action_type"":""video_view"",""value"":""7""}]","[{""action_type"":""video_view"",""value"":""0.01151""},{""action_type"":""link_click"",""value"":""0.040286""},{""action_type"":""post_engagement"",""value"":""0.008952""},{""action_type"":""page_engagement"",""value"":""0.008952""}]",North Carolina,2.0,,,,,,,9.0,,9.0,,,7.0,0.040286,,,0.008952,0.008952,,0.01151
2026-03-10,2026-03-10,TSSAds,1,Test - New Traffic Ad set with recommended settings,1,0.120857,12,12,2,16.666667,0.060429,10.071429,0,,"[{""action_type"":""link_click"",""value"":""2""},{""action_type"":""page_engagement"",""value"":""10""},{""action_type"":""post_engagement"",""value"":""10""},{""action_type"":""video_view"",""value"":""8""}]","[{""action_type"":""video_view"",""value"":""0.015107""},{""action_type"":""link_click"",""value"":""0.060429""},{""action_type"":""post_engagement"",""value"":""0.012086""},{""action_type"":""page_engagement"",""value"":""0.012086""}]",Ohio,2.0,,,,,,,10.0,,10.0,,,8.0,0.060429,,,0.012086,0.012086,,0.015107
2026-03-10,2026-03-10,TSSAds,1,Test - New Traffic Ad set with recommended settings,1,0.020143,3,3,1,33.333333,0.020143,6.714286,0,,"[{""action_type"":""link_click"",""value"":""1""},{""action_type"":""page_engagement"",""value"":""3""},{""action_type"":""post_engagement"",""value"":""3""},{""action_type"":""video_view"",""value"":""2""}]","[{""action_type"":""video_view"",""value"":""0.010071""},{""action_type"":""link_click"",""value"":""0.020143""},{""action_type"":""post_engagement"",""value"":""0.006714""},{""action_type"":""page_engagement"",""value"":""0.006714""}]",Oklahoma,1.0,,,,,,,3.0,,3.0,,,2.0,0.020143,,,0.006714,0.006714,,0.010071
2026-03-10,2026-03-10,TSSAds,1,Test - New Traffic Ad set with recommended settings,1,0.080571,9,9,0,0,,8.952381,0,,"[{""action_type"":""page_engagement"",""value"":""8""},{""action_type"":""post_engagement"",""value"":""8""},{""action_type"":""video_view"",""value"":""8""}]","[{""action_type"":""video_view"",""value"":""0.010071""},{""action_type"":""post_engagement"",""value"":""0.010071""},{""action_type"":""page_engagement"",""value"":""0.010071""}]",Oregon,,,,,,,,8.0,,8.0,,,8.0,,,,0.010071,0.010071,,0.010071
2026-03-10,2026-03-10,TSSAds,1,Test - New Traffic Ad set with recommended settings,1,0.060429,11,10,0,0,,5.493506,0,,"[{""action_type"":""page_engagement"",""value"":""6""},{""action_type"":""post_engagement"",""value"":""6""},{""action_type"":""video_view"",""value"":""6""}]","[{""action_type"":""video_view"",""value"":""0.010071""},{""action_type"":""post_engagement"",""value"":""0.010071""},{""action_type"":""page_engagement"",""value"":""0.010071""}]",Pennsylvania,,,,,,,,6.0,,6.0,,,6.0,,,,0.010071,0.010071,,0.010071
2026-03-10,2026-03-10,TSSAds,1,Test - New Traffic Ad set with recommended settings,1,0.010071,2,2,0,0,,5.035714,0,,[],[],Rhode Island,,,,,,,,,,,,,,,,,,,,
2026-03-10,2026-03-10,TSSAds,1,Test - New Traffic Ad set with recommended settings,1,0.010071,1,1,0,0,,10.071429,0,,"[{""action_type"":""page_engagement"",""value"":""1""},{""action_type"":""post_engagement"",""value"":""1""},{""action_type"":""video_view"",""value"":""1""}]","[{""action_type"":""video_view"",""value"":""0.010071""},{""action_type"":""post_engagement"",""value"":""0.010071""},{""action_type"":""page_engagement"",""value"":""0.010071""}]",South Carolina,,,,,,,,1.0,,1.0,,,1.0,,,,0.010071,0.010071,,0.010071
2026-03-10,2026-03-10,TSSAds,1,Test - New Traffic Ad set with recommended settings,1,0.060429,6,6,1,16.666667,0.060429,10.071429,0,,"[{""action_type"":""link_click"",""value"":""1""},{""action_type"":""page_engagement"",""value"":""5""},{""action_type"":""post_engagement"",""value"":""5""},{""action_type"":""video_view"",""value"":""4""}]","[{""action_type"":""video_view"",""value"":""0.015107""},{""action_type"":""link_click"",""value"":""0.060429""},{""action_type"":""post_engagement"",""value"":""0.012086""},{""action_type"":""page_engagement"",""value"":""0.012086""}]",Tennessee,1.0,,,,,,,5.0,,5.0,,,4.0,0.060429,,,0.012086,0.012086,,0.015107
2026-03-10,2026-03-10,TSSAds,1,Test - New Traffic Ad set with recommended settings,1,0.322286,56,53,3,5.357143,0.107429,5.755102,0,,"[{""action_type"":""link_click"",""value"":""3""},{""action_type"":""page_engagement"",""value"":""22""},{""action_type"":""post_engagement"",""value"":""22""},{""action_type"":""post_interaction_gross"",""value"":""2""},{""action_type"":""onsite_conversion.post_net_like"",""value"":""2""},{""action_type"":""video_view"",""value"":""17""},{""action_type"":""post_reaction"",""value"":""2""}]","[{""action_type"":""video_view"",""value"":""0.018958""},{""action_type"":""link_click"",""value"":""0.107429""},{""action_type"":""post_interaction_gross"",""value"":""0.161143""},{""action_type"":""post_engagement"",""value"":""0.014649""},{""action_type"":""page_engagement"",""value"":""0.014649""}]",Texas,3.0,,2.0,,,,,22.0,,22.0,2.0,2.0,17.0,0.107429,,,0.014649,0.014649,0.161143,0.018958
2026-03-10,2026-03-10,TSSAds,1,Test - New Traffic Ad set with recommended settings,1,0,4,4,0,0,,0,0,,"[{""action_type"":""page_engagement"",""value"":""2""},{""action_type"":""post_engagement"",""value"":""2""},{""action_type"":""video_view"",""value"":""2""}]","[{""action_type"":""video_view"",""value"":""0""},{""action_type"":""post_engagement"",""value"":""0""},{""action_type"":""page_engagement"",""value"":""0""}]",Utah,,,,,,,,2.0,,2.0,,,2.0,,,,0.0,0.0,,0.0
2026-03-10,2026-03-10,TSSAds,1,Test - New Traffic Ad set with recommended settings,1,0.090643,9,9,2,22.222222,0.045321,10.071429,0,,"[{""action_type"":""link_click"",""value"":""2""},{""action_type"":""page_engagement"",""value"":""6""},{""action_type"":""post_engagement"",""value"":""6""},{""action_type"":""video_view"",""value"":""4""}]","[{""action_type"":""video_view"",""value"":""0.022661""},{""action_type"":""link_click"",""value"":""0.045321""},{""action_type"":""post_engagement"",""value"":""0.015107""},{""action_type"":""page_engagement"",""value"":""0.015107""}]",Virginia,2.0,,,,,,,6.0,,6.0,,,4.0,0.045321,,,0.015107,0.015107,,0.022661
2026-03-10,2026-03-10,TSSAds,1,Test - New Traffic Ad set with recommended settings,1,0.060429,15,14,0,0,,4.028571,0,,"[{""action_type"":""page_engagement"",""value"":""8""},{""action_type"":""post_engagement"",""value"":""8""},{""action_type"":""post_interaction_gross"",""value"":""1""},{""action_type"":""onsite_conversion.post_net_like"",""value"":""1""},{""action_type"":""video_view"",""value"":""7""},{""action_type"":""post_reaction"",""value"":""1""}]","[{""action_type"":""video_view"",""value"":""0.008633""},{""action_type"":""post_interaction_gross"",""value"":""0.060429""},{""action_type"":""post_engagement"",""value"":""0.007554""},{""action_type"":""page_engagement"",""value"":""0.007554""}]",Washington,,,1.0,,,,,8.0,,8.0,1.0,1.0,7.0,,,,0.007554,0.007554,0.060429,0.008633
2026-03-10,2026-03-10,TSSAds,1,Test - New Traffic Ad set with recommended settings,1,0.010071,2,2,0,0,,5.035714,0,,[],[],"Washington, District of Columbia",,,,,,,,,,,,,,,,,,,,
2026-03-10,2026-03-10,TSSAds,1,Test - New Traffic Ad set with recommended settings,1,0,1,1,0,0,,0,0,,"[{""action_type"":""page_engagement"",""value"":""1""},{""action_type"":""post_engagement"",""value"":""1""},{""action_type"":""video_view"",""value"":""1""}]","[{""action_type"":""video_view"",""value"":""0""},{""action_type"":""post_engagement"",""value"":""0""},{""action_type"":""page_engagement"",""value"":""0""}]",Wisconsin,,,,,,,,1.0,,1.0,,,1.0,,,,0.0,0.0,,0.0
2026-03-10,2026-03-10,TSSAds,1,Test - New Traffic Ad set with recommended settings,1,0.010071,1,1,0,0,,10.071429,0,,[],[],Wyoming,,,,,,,,,,,,,,,,,,,,
2026-03-10,2026-03-10,TSSAds,2,New Traffic Ad set with recommended settings,1,0.030142,1,1,0,0,,30.14218,0,,"[{""action_type"":""page_engagement"",""value"":""1""},{""action_type"":""post_engagement"",""value"":""1""},{""action_type"":""video_view"",""value"":""1""}]","[{""action_type"":""video_view"",""value"":""0.030142""},{""action_type"":""post_engagement"",""value"":""0.030142""},{""action_type"":""page_engagement"",""value"":""0.030142""}]",Alaska,,,,,,,,1.0,,1.0,,,1.0,,,,0.030142,0.030142,,0.030142
2026-03-10,2026-03-10,TSSAds,2,New Traffic Ad set with recommended settings,1,0.030142,5,4,1,20,0.030142,6.028436,0,,"[{""action_type"":""link_click"",""value"":""1""},{""action_type"":""page_engagement"",""value"":""4""},{""action_type"":""post_engagement"",""value"":""4""},{""action_type"":""video_view"",""value"":""3""}]","[{""action_type"":""video_view"",""value"":""0.010047""},{""action_type"":""link_click"",""value"":""0.030142""},{""action_type"":""post_engagement"",""value"":""0.007536""},{""action_type"":""page_engagement"",""value"":""0.007536""}]",Arizona,1.0,,,,,,,4.0,,4.0,,,3.0,0.030142,,,0.007536,0.007536,,0.010047
2026-03-10,2026-03-10,TSSAds,2,New Traffic Ad set with recommended settings,1,3.325687,432,432,18,4.166667,0.18476,7.69835,0,,"[{""action_type"":""link_click"",""value"":""18""},{""action_type"":""page_engagement"",""value"":""203""},{""action_type"":""post_engagement"",""value"":""203""},{""action_type"":""post_interaction_gross"",""value"":""4""},{""action_type"":""onsite_conversion.post_save"",""value"":""1""},{""action_type"":""onsite_conversion.post_net_like"",""value"":""3""},{""action_type"":""onsite_conversion.post_net_save"",""value"":""1""},{""action_type"":""video_view"",""value"":""181""},{""action_type"":""post_reaction"",""value"":""3""}]","[{""action_type"":""video_view"",""value"":""0.018374""},{""action_type"":""link_click"",""value"":""0.18476""},{""action_type"":""post_interaction_gross"",""value"":""0.831422""},{""action_type"":""post_engagement"",""value"":""0.016383""},{""action_type"":""page_engagement"",""value"":""0.016383""}]",California,18.0,,3.0,1.0,1.0,,,203.0,,203.0,4.0,3.0,181.0,0.18476,,,0.016383,0.016383,0.831422,0.018374
2026-03-10,2026-03-10,TSSAds,2,New Traffic Ad set with recommended settings,1,0.170806,21,20,1,4.761905,0.170806,8.133604,0,,"[{""action_type"":""link_click"",""value"":""1""},{""action_type"":""page_engagement"",""value"":""7""},{""action_type"":""post_engagement"",""value"":""7""},{""action_type"":""video_view"",""value"":""6""}]","[{""action_type"":""video_view"",""value"":""0.028468""},{""action_type"":""link_click"",""value"":""0.170806""},{""action_type"":""post_engagement"",""value"":""0.024401""},{""action_type"":""page_engagement"",""value"":""0.024401""}]",Colorado,1.0,,,,,,,7.0,,7.0,,,6.0,0.170806,,,0.024401,0.024401,,0.028468
2026-03-10,2026-03-10,TSSAds,2,New Traffic Ad set with recommended settings,1,0.020095,2,2,0,0,,10.047393,0,,[],[],Connecticut,,,,,,,,,,,,,,,,,,,,
2026-03-10,2026-03-10,TSSAds,2,New Traffic Ad set with recommended settings,1,0.140664,13,12,0,0,,10.82027,0,,"[{""action_type"":""page_engagement"",""value"":""2""},{""action_type"":""post_engagement"",""value"":""2""},{""action_type"":""video_view"",""value"":""2""}]","[{""action_type"":""video_view"",""value"":""0.070332""},{""action_type"":""post_engagement"",""value"":""0.070332""},{""action_type"":""page_engagement"",""value"":""0.070332""}]",Florida,,,,,,,,2.0,,2.0,,,2.0,,,,0.070332,0.070332,,0.070332
2026-03-10,2026-03-10,TSSAds,2,New Traffic Ad set with recommended settings,1,0.010047,1,1,0,0,,10.047393,0,,[],[],Georgia,,,,,,,,,,,,,,,,,,,,
2026-03-10,2026-03-10,TSSAds,2,New Traffic Ad set with recommended settings,1,0.010047,1,1,0,0,,10.047393,0,,[],[],Hawaii,,,,,,,,,,,,,,,,,,,,
2026-03-10,2026-03-10,TSSAds,2,New Traffic Ad set with recommended settings,1,0,1,1,0,0,,0,0,,"[{""action_type"":""page_engagement"",""value"":""1""},{""action_type"":""post_engagement"",""value"":""1""},{""action_type"":""video_view"",""value"":""1""}]","[{""action_type"":""video_view"",""value"":""0""},{""action_type"":""post_engagement"",""value"":""0""},{""action_type"":""page_engagement"",""value"":""0""}]",Idaho,,,,,,,,1.0,,1.0,,,1.0,,,,0.0,0.0,,0.0
2026-03-10,2026-03-10,TSSAds,2,New Traffic Ad set with recommended settings,1,0.020095,2,2,0,0,,10.047393,0,,[],[],Illinois,,,,,,,,,,,,,,,,,,,,
2026-03-10,2026-03-10,TSSAds,2,New Traffic Ad set with recommended settings,1,0.010047,1,1,0,0,,10.047393,0,,"[{""action_type"":""page_engagement"",""value"":""1""},{""action_type"":""post_engagement"",""value"":""1""},{""action_type"":""video_view"",""value"":""1""}]","[{""action_type"":""video_view"",""value"":""0.010047""},{""action_type"":""post_engagement"",""value"":""0.010047""},{""action_type"":""page_engagement"",""value"":""0.010047""}]",Iowa,,,,,,,,1.0,,1.0,,,1.0,,,,0.010047,0.010047,,0.010047
2026-03-10,2026-03-10,TSSAds,2,New Traffic Ad set with recommended settings,1,0.010047,1,1,0,0,,10.047393,0,,"[{""action_type"":""page_engagement"",""value"":""1""},{""action_type"":""post_engagement"",""value"":""1""},{""action_type"":""video_view"",""value"":""1""}]","[{""action_type"":""video_view"",""value"":""0.010047""},{""action_type"":""post_engagement"",""value"":""0.010047""},{""action_type"":""page_engagement"",""value"":""0.010047""}]",Kansas,,,,,,,,1.0,,1.0,,,1.0,,,,0.010047,0.010047,,0.010047
2026-03-10,2026-03-10,TSSAds,2,New Traffic Ad set with recommended settings,1,0.010047,1,1,0,0,,10.047393,0,,[],[],Kentucky,,,,,,,,,,,,,,,,,,,,
2026-03-10,2026-03-10,TSSAds,2,New Traffic Ad set with recommended settings,1,0.010047,4,4,0,0,,2.511848,0,,"[{""action_type"":""page_engagement"",""value"":""1""},{""action_type"":""post_engagement"",""value"":""1""},{""action_type"":""video_view"",""value"":""1""}]","[{""action_type"":""video_view"",""value"":""0.010047""},{""action_type"":""post_engagement"",""value"":""0.010047""},{""action_type"":""page_engagement"",""value"":""0.010047""}]",Massachusetts,,,,,,,,1.0,,1.0,,,1.0,,,,0.010047,0.010047,,0.010047
2026-03-10,2026-03-10,TSSAds,2,New Traffic Ad set with recommended settings,1,0.010047,1,1,0,0,,10.047393,0,,[],[],Michigan,,,,,,,,,,,,,,,,,,,,
2026-03-10,2026-03-10,TSSAds,2,New Traffic Ad set with recommended settings,1,0,1,1,0,0,,0,0,,"[{""action_type"":""page_engagement"",""value"":""1""},{""action_type"":""post_engagement"",""value"":""1""},{""action_type"":""video_view"",""value"":""1""}]","[{""action_type"":""video_view"",""value"":""0""},{""action_type"":""post_engagement"",""value"":""0""},{""action_type"":""page_engagement"",""value"":""0""}]",Minnesota,,,,,,,,1.0,,1.0,,,1.0,,,,0.0,0.0,,0.0
2026-03-10,2026-03-10,TSSAds,2,New Traffic Ad set with recommended settings,1,0.010047,1,1,0,0,,10.047393,0,,"[{""action_type"":""page_engagement"",""value"":""1""},{""action_type"":""post_engagement"",""value"":""1""},{""action_type"":""video_view"",""value"":""1""}]","[{""action_type"":""video_view"",""value"":""0.010047""},{""action_type"":""post_engagement"",""value"":""0.010047""},{""action_type"":""page_engagement"",""value"":""0.010047""}]",Missouri,,,,,,,,1.0,,1.0,,,1.0,,,,0.010047,0.010047,,0.010047
2026-03-10,2026-03-10,TSSAds,2,New Traffic Ad set with recommended settings,1,0.010047,1,1,0,0,,10.047393,0,,[],[],Montana,,,,,,,,,,,,,,,,,,,,
2026-03-10,2026-03-10,TSSAds,2,New Traffic Ad set with recommended settings,1,0.010047,1,1,1,100,0.010047,10.047393,0,,"[{""action_type"":""link_click"",""value"":""2""},{""action_type"":""page_engagement"",""value"":""3""},{""action_type"":""post_engagement"",""value"":""3""},{""action_type"":""video_view"",""value"":""1""}]","[{""action_type"":""video_view"",""value"":""0.010047""},{""action_type"":""link_click"",""value"":""0.005024""},{""action_type"":""post_engagement"",""value"":""0.003349""},{""action_type"":""page_engagement"",""value"":""0.003349""}]",Nebraska,2.0,,,,,,,3.0,,3.0,,,1.0,0.005024,,,0.003349,0.003349,,0.010047
2026-03-10,2026-03-10,TSSAds,2,New Traffic Ad set with recommended settings,1,0.04019,4,4,0,0,,10.047393,0,,"[{""action_type"":""page_engagement"",""value"":""1""},{""action_type"":""post_engagement"",""value"":""1""},{""action_type"":""video_view"",""value"":""1""}]","[{""action_type"":""video_view"",""value"":""0.04019""},{""action_type"":""post_engagement"",""value"":""0.04019""},{""action_type"":""page_engagement"",""value"":""0.04019""}]",Nevada,,,,,,,,1.0,,1.0,,,1.0,,,,0.04019,0.04019,,0.04019
2026-03-10,2026-03-10,TSSAds,2,New Traffic Ad set with recommended settings,1,0,1,1,0,0,,0,0,,[],[],New Hampshire,,,,,,,,,,,,,,,,,,,,
2026-03-10,2026-03-10,TSSAds,2,New Traffic Ad set with recommended settings,1,0.030142,6,6,0,0,,5.023697,0,,"[{""action_type"":""page_engagement"",""value"":""2""},{""action_type"":""post_engagement"",""value"":""2""},{""action_type"":""video_view"",""value"":""2""}]","[{""action_type"":""video_view"",""value"":""0.015071""},{""action_type"":""post_engagement"",""value"":""0.015071""},{""action_type"":""page_engagement"",""value"":""0.015071""}]",New Jersey,,,,,,,,2.0,,2.0,,,2.0,,,,0.015071,0.015071,,0.015071
2026-03-10,2026-03-10,TSSAds,2,New Traffic Ad set with recommended settings,1,0.010047,2,2,1,50,0.010047,5.023697,0,,"[{""action_type"":""link_click"",""value"":""1""},{""action_type"":""page_engagement"",""value"":""2""},{""action_type"":""post_engagement"",""value"":""2""},{""action_type"":""video_view"",""value"":""1""}]","[{""action_type"":""video_view"",""value"":""0.010047""},{""action_type"":""link_click"",""value"":""0.010047""},{""action_type"":""post_engagement"",""value"":""0.005024""},{""action_type"":""page_engagement"",""value"":""0.005024""}]",New York,1.0,,,,,,,2.0,,2.0,,,1.0,0.010047,,,0.005024,0.005024,,0.010047
2026-03-10,2026-03-10,TSSAds,2,New Traffic Ad set with recommended settings,1,0.020095,3,3,0,0,,6.698262,0,,[],[],North Carolina,,,,,,,,,,,,,,,,,,,,
2026-03-10,2026-03-10,TSSAds,2,New Traffic Ad set with recommended settings,1,0.030142,3,3,0,0,,10.047393,0,,"[{""action_type"":""page_engagement"",""value"":""3""},{""action_type"":""post_engagement"",""value"":""3""},{""action_type"":""video_view"",""value"":""3""}]","[{""action_type"":""video_view"",""value"":""0.010047""},{""action_type"":""post_engagement"",""value"":""0.010047""},{""action_type"":""page_engagement"",""value"":""0.010047""}]",Ohio,,,,,,,,3.0,,3.0,,,3.0,,,,0.010047,0.010047,,0.010047
2026-03-10,2026-03-10,TSSAds,2,New Traffic Ad set with recommended settings,1,0.020095,2,2,1,50,0.020095,10.047393,0,,"[{""action_type"":""link_click"",""value"":""2""},{""action_type"":""page_engagement"",""value"":""3""},{""action_type"":""post_engagement"",""value"":""3""},{""action_type"":""video_view"",""value"":""1""}]","[{""action_type"":""video_view"",""value"":""0.020095""},{""action_type"":""link_click"",""value"":""0.010047""},{""action_type"":""post_engagement"",""value"":""0.006698""},{""action_type"":""page_engagement"",""value"":""0.006698""}]",Oklahoma,2.0,,,,,,,3.0,,3.0,,,1.0,0.010047,,,0.006698,0.006698,,0.020095
2026-03-10,2026-03-10,TSSAds,2,New Traffic Ad set with recommended settings,1,0.050237,1,1,1,100,0.050237,50.236967,0,,"[{""action_type"":""link_click"",""value"":""1""},{""action_type"":""page_engagement"",""value"":""2""},{""action_type"":""post_engagement"",""value"":""2""},{""action_type"":""video_view"",""value"":""1""}]","[{""action_type"":""video_view"",""value"":""0.050237""},{""action_type"":""link_click"",""value"":""0.050237""},{""action_type"":""post_engagement"",""value"":""0.025118""},{""action_type"":""page_engagement"",""value"":""0.025118""}]",Pennsylvania,1.0,,,,,,,2.0,,2.0,,,1.0,0.050237,,,0.025118,0.025118,,0.050237
2026-03-10,2026-03-10,TSSAds,2,New Traffic Ad set with recommended settings,1,0.140664,19,19,1,5.263158,0.140664,7.403342,0,,"[{""action_type"":""link_click"",""value"":""1""},{""action_type"":""page_engagement"",""value"":""7""},{""action_type"":""post_engagement"",""value"":""7""},{""action_type"":""post_interaction_gross"",""value"":""1""},{""action_type"":""onsite_conversion.post_net_like"",""value"":""1""},{""action_type"":""video_view"",""value"":""5""},{""action_type"":""post_reaction"",""value"":""1""}]","[{""action_type"":""video_view"",""value"":""0.028133""},{""action_type"":""link_click"",""value"":""0.140664""},{""action_type"":""post_interaction_gross"",""value"":""0.140664""},{""action_type"":""post_engagement"",""value"":""0.020095""},{""action_type"":""page_engagement"",""value"":""0.020095""}]",Texas,1.0,,1.0,,,,,7.0,,7.0,1.0,1.0,5.0,0.140664,,,0.020095,0.020095,0.140664,0.028133
2026-03-10,2026-03-10,TSSAds,2,New Traffic Ad set with recommended settings,1,0.010047,3,3,0,0,,3.349131,0,,"[{""action_type"":""page_engagement"",""value"":""1""},{""action_type"":""post_engagement"",""value"":""1""},{""action_type"":""video_view"",""value"":""1""}]","[{""action_type"":""video_view"",""value"":""0.010047""},{""action_type"":""post_engagement"",""value"":""0.010047""},{""action_type"":""page_engagement"",""value"":""0.010047""}]",Virginia,,,,,,,,1.0,,1.0,,,1.0,,,,0.010047,0.010047,,0.010047
2026-03-10,2026-03-10,TSSAds,2,New Traffic Ad set with recommended settings,1,0.020095,1,1,0,0,,20.094787,0,,[],[],"Washington, District of Columbia",,,,,,,,,,,,,,,,,,,,
2026-03-10,2026-03-10,TSSAds,2,New Traffic Ad set with recommended settings,1,0.010047,1,1,1,100,0.010047,10.047393,0,,"[{""action_type"":""link_click"",""value"":""1""},{""action_type"":""page_engagement"",""value"":""2""},{""action_type"":""post_engagement"",""value"":""2""},{""action_type"":""video_view"",""value"":""1""}]","[{""action_type"":""video_view"",""value"":""0.010047""},{""action_type"":""link_click"",""value"":""0.010047""},{""action_type"":""post_engagement"",""value"":""0.005024""},{""action_type"":""page_engagement"",""value"":""0.005024""}]",Wisconsin,1.0,,,,,,,2.0,,2.0,,,1.0,0.010047,,,0.005024,0.005024,,0.010047
2026-03-10,2026-03-10,TSSAds,2,New Traffic Ad set with recommended settings,1,0.020095,1,1,0,0,,20.094787,0,,[],[],Wyoming,,,,,,,,,,,,,,,,,,,,
2026-03-10,2026-03-10,TSSAds,2,Test - New Traffic Ad set with recommended settings,1,0.010022,1,1,0,0,,10.022222,0,,"[{""action_type"":""page_engagement"",""value"":""1""},{""action_type"":""post_engagement"",""value"":""1""},{""action_type"":""video_view"",""value"":""1""}]","[{""action_type"":""video_view"",""value"":""0.010022""},{""action_type"":""post_engagement"",""value"":""0.010022""},{""action_type"":""page_engagement"",""value"":""0.010022""}]",Alabama,,,,,,,,1.0,,1.0,,,1.0,,,,0.010022,0.010022,,0.010022
2026-03-10,2026-03-10,TSSAds,2,Test - New Traffic Ad set with recommended settings,1,0.150333,25,25,1,4,0.150333,6.013333,0,,"[{""action_type"":""link_click"",""value"":""1""},{""action_type"":""page_engagement"",""value"":""12""},{""action_type"":""post_engagement"",""value"":""12""},{""action_type"":""video_view"",""value"":""11""}]","[{""action_type"":""video_view"",""value"":""0.013667""},{""action_type"":""link_click"",""value"":""0.150333""},{""action_type"":""post_engagement"",""value"":""0.012528""},{""action_type"":""page_engagement"",""value"":""0.012528""}]",Arizona,1.0,,,,,,,12.0,,12.0,,,11.0,0.150333,,,0.012528,0.012528,,0.013667
2026-03-10,2026-03-10,TSSAds,2,Test - New Traffic Ad set with recommended settings,1,1.793978,236,233,10,4.237288,0.179398,7.601601,0,,"[{""action_type"":""link_click"",""value"":""9""},{""action_type"":""page_engagement"",""value"":""123""},{""action_type"":""post_engagement"",""value"":""123""},{""action_type"":""post_interaction_gross"",""value"":""2""},{""action_type"":""onsite_conversion.post_net_like"",""value"":""2""},{""action_type"":""video_view"",""value"":""112""},{""action_type"":""post_reaction"",""value"":""2""}]","[{""action_type"":""video_view"",""value"":""0.016018""},{""action_type"":""link_click"",""value"":""0.199331""},{""action_type"":""post_interaction_gross"",""value"":""0.896989""},{""action_type"":""post_engagement"",""value"":""0.014585""},{""action_type"":""page_engagement"",""value"":""0.014585""}]",California,9.0,,2.0,,,,,123.0,,123.0,2.0,2.0,112.0,0.199331,,,0.014585,0.014585,0.896989,0.016018
2026-03-10,2026-03-10,TSSAds,2,Test - New Traffic Ad set with recommended settings,1,0.0902,20,20,0,0,,4.51,0,,"[{""action_type"":""page_engagement"",""value"":""9""},{""action_type"":""post_engagement"",""value"":""9""},{""action_type"":""post_interaction_gross"",""value"":""1""},{""action_type"":""onsite_conversion.post_net_like"",""value"":""1""},{""action_type"":""video_view"",""value"":""8""},{""action_type"":""post_reaction"",""value"":""1""}]","[{""action_type"":""video_view"",""value"":""0.011275""},{""action_type"":""post_interaction_gross"",""value"":""0.0902""},{""action_type"":""post_engagement"",""value"":""0.010022""},{""action_type"":""page_engagement"",""value"":""0.010022""}]",Colorado,,,1.0,,,,,9.0,,9.0,1.0,1.0,8.0,,,,0.010022,0.010022,0.0902,0.011275
2026-03-10,2026-03-10,TSSAds,2,Test - New Traffic Ad set with recommended settings,1,0.030067,2,2,0,0,,15.033333,0,,"[{""action_type"":""page_engagement"",""value"":""1""},{""action_type"":""post_engagement"",""value"":""1""},{""action_type"":""video_view"",""value"":""1""}]","[{""action_type"":""video_view"",""value"":""0.030067""},{""action_type"":""post_engagement"",""value"":""0.030067""},{""action_type"":""page_engagement"",""value"":""0.030067""}]",Connecticut,,,,,,,,1.0,,1.0,,,1.0,,,,0.030067,0.030067,,0.030067
2026-03-10,2026-03-10,TSSAds,2,Test - New Traffic Ad set with recommended settings,1,0.2706,38,36,3,7.894737,0.0902,7.121053,0,,"[{""action_type"":""link_click"",""value"":""3""},{""action_type"":""page_engagement"",""value"":""26""},{""action_type"":""onsite_conversion.post_unlike"",""value"":""1""},{""action_type"":""post_engagement"",""value"":""26""},{""action_type"":""post_interaction_gross"",""value"":""3""},{""action_type"":""onsite_conversion.post_net_like"",""value"":""2""},{""action_type"":""video_view"",""value"":""20""},{""action_type"":""post_reaction"",""value"":""3""}]","[{""action_type"":""video_view"",""value"":""0.01353""},{""action_type"":""link_click"",""value"":""0.0902""},{""action_type"":""post_interaction_gross"",""value"":""0.0902""},{""action_type"":""post_engagement"",""value"":""0.010408""},{""action_type"":""page_engagement"",""value"":""0.010408""}]",Florida,3.0,,2.0,,,1.0,,26.0,,26.0,3.0,3.0,20.0,0.0902,,,0.010408,0.010408,0.0902,0.01353
2026-03-10,2026-03-10,TSSAds,2,Test - New Traffic Ad set with recommended settings,1,0.160356,13,13,0,0,,12.335043,0,,"[{""action_type"":""page_engagement"",""value"":""5""},{""action_type"":""post_engagement"",""value"":""5""},{""action_type"":""video_view"",""value"":""5""}]","[{""action_type"":""video_view"",""value"":""0.032071""},{""action_type"":""post_engagement"",""value"":""0.032071""},{""action_type"":""page_engagement"",""value"":""0.032071""}]",Georgia,,,,,,,,5.0,,5.0,,,5.0,,,,0.032071,0.032071,,0.032071
2026-03-10,2026-03-10,TSSAds,2,Test - New Traffic Ad set with recommended settings,1,0.0902,12,11,2,16.666667,0.0451,7.516667,0,,"[{""action_type"":""link_click"",""value"":""2""},{""action_type"":""page_engagement"",""value"":""10""},{""action_type"":""post_engagement"",""value"":""10""},{""action_type"":""video_view"",""value"":""8""}]","[{""action_type"":""video_view"",""value"":""0.011275""},{""action_type"":""link_click"",""value"":""0.0451""},{""action_type"":""post_engagement"",""value"":""0.00902""},{""action_type"":""page_engagement"",""value"":""0.00902""}]",Hawaii,2.0,,,,,,,10.0,,10.0,,,8.0,0.0451,,,0.00902,0.00902,,0.011275
2026-03-10,2026-03-10,TSSAds,2,Test - New Traffic Ad set with recommended settings,1,0.030067,2,2,0,0,,15.033333,0,,[],[],Idaho,,,,,,,,,,,,,,,,,,,,
2026-03-10,2026-03-10,TSSAds,2,Test - New Traffic Ad set with recommended settings,1,0.060133,13,13,0,0,,4.625641,0,,"[{""action_type"":""page_engagement"",""value"":""9""},{""action_type"":""post_engagement"",""value"":""9""},{""action_type"":""video_view"",""value"":""9""}]","[{""action_type"":""video_view"",""value"":""0.006681""},{""action_type"":""post_engagement"",""value"":""0.006681""},{""action_type"":""page_engagement"",""value"":""0.006681""}]",Illinois,,,,,,,,9.0,,9.0,,,9.0,,,,0.006681,0.006681,,0.006681
2026-03-10,2026-03-10,TSSAds,2,Test - New Traffic Ad set with recommended settings,1,0.040089,6,6,0,0,,6.681481,0,,"[{""action_type"":""page_engagement"",""value"":""6""},{""action_type"":""post_engagement"",""value"":""6""},{""action_type"":""video_view"",""value"":""6""}]","[{""action_type"":""video_view"",""value"":""0.006681""},{""action_type"":""post_engagement"",""value"":""0.006681""},{""action_type"":""page_engagement"",""value"":""0.006681""}]",Indiana,,,,,,,,6.0,,6.0,,,6.0,,,,0.006681,0.006681,,0.006681
2026-03-10,2026-03-10,TSSAds,2,Test - New Traffic Ad set with recommended settings,1,0,1,1,0,0,,0,0,,"[{""action_type"":""page_engagement"",""value"":""1""},{""action_type"":""post_engagement"",""value"":""1""},{""action_type"":""video_view"",""value"":""1""}]","[{""action_type"":""video_view"",""value"":""0""},{""action_type"":""post_engagement"",""value"":""0""},{""action_type"":""page_engagement"",""value"":""0""}]",Iowa,,,,,,,,1.0,,1.0,,,1.0,,,,0.0,0.0,,0.0
2026-03-10,2026-03-10,TSSAds,2,Test - New Traffic Ad set with recommended settings,1,0.060133,3,3,0,0,,20.044444,0,,[],[],Kansas,,,,,,,,,,,,,,,,,,,,
2026-03-10,2026-03-10,TSSAds,2,Test - New Traffic Ad set with recommended settings,1,0.010022,1,1,0,0,,10.022222,0,,[],[],Louisiana,,,,,,,,,,,,,,,,,,,,
2026-03-10,2026-03-10,TSSAds,2,Test - New Traffic Ad set with recommended settings,1,0.080178,7,7,2,28.571429,0.040089,11.453968,0,,"[{""action_type"":""link_click"",""value"":""2""},{""action_type"":""page_engagement"",""value"":""7""},{""action_type"":""post_engagement"",""value"":""7""},{""action_type"":""video_view"",""value"":""5""}]","[{""action_type"":""video_view"",""value"":""0.016036""},{""action_type"":""link_click"",""value"":""0.040089""},{""action_type"":""post_engagement"",""value"":""0.011454""},{""action_type"":""page_engagement"",""value"":""0.011454""}]",Maryland,2.0,,,,,,,7.0,,7.0,,,5.0,0.040089,,,0.011454,0.011454,,0.016036
2026-03-10,2026-03-10,TSSAds,2,Test - New Traffic Ad set with recommended settings,1,0.020044,6,6,0,0,,3.340741,0,,"[{""action_type"":""page_engagement"",""value"":""2""},{""action_type"":""post_engagement"",""value"":""2""},{""action_type"":""video_view"",""value"":""2""}]","[{""action_type"":""video_view"",""value"":""0.010022""},{""action_type"":""post_engagement"",""value"":""0.010022""},{""action_type"":""page_engagement"",""value"":""0.010022""}]",Massachusetts,,,,,,,,2.0,,2.0,,,2.0,,,,0.010022,0.010022,,0.010022
2026-03-10,2026-03-10,TSSAds,2,Test - New Traffic Ad set with recommended settings,1,0.050111,7,7,3,42.857143,0.016704,7.15873,0,,"[{""action_type"":""link_click"",""value"":""3""},{""action_type"":""page_engagement"",""value"":""9""},{""action_type"":""post_engagement"",""value"":""9""},{""action_type"":""video_view"",""value"":""6""}]","[{""action_type"":""video_view"",""value"":""0.008352""},{""action_type"":""link_click"",""value"":""0.016704""},{""action_type"":""post_engagement"",""value"":""0.005568""},{""action_type"":""page_engagement"",""value"":""0.005568""}]",Michigan,3.0,,,,,,,9.0,,9.0,,,6.0,0.016704,,,0.005568,0.005568,,0.008352
2026-03-10,2026-03-10,TSSAds,2,Test - New Traffic Ad set with recommended settings,1,0.020044,2,2,1,50,0.020044,10.022222,0,,"[{""action_type"":""link_click"",""value"":""1""},{""action_type"":""page_engagement"",""value"":""3""},{""action_type"":""post_engagement"",""value"":""3""},{""action_type"":""video_view"",""value"":""2""}]","[{""action_type"":""video_view"",""value"":""0.010022""},{""action_type"":""link_click"",""value"":""0.020044""},{""action_type"":""post_engagement"",""value"":""0.006681""},{""action_type"":""page_engagement"",""value"":""0.006681""}]",Minnesota,1.0,,,,,,,3.0,,3.0,,,2.0,0.020044,,,0.006681,0.006681,,0.010022
2026-03-10,2026-03-10,TSSAds,2,Test - New Traffic Ad set with recommended settings,1,0.060133,6,6,1,16.666667,0.060133,10.022222,0,,"[{""action_type"":""link_click"",""value"":""1""},{""action_type"":""page_engagement"",""value"":""4""},{""action_type"":""post_engagement"",""value"":""4""},{""action_type"":""video_view"",""value"":""3""}]","[{""action_type"":""video_view"",""value"":""0.020044""},{""action_type"":""link_click"",""value"":""0.060133""},{""action_type"":""post_engagement"",""value"":""0.015033""},{""action_type"":""page_engagement"",""value"":""0.015033""}]",Missouri,1.0,,,,,,,4.0,,4.0,,,3.0,0.060133,,,0.015033,0.015033,,0.020044
2026-03-10,2026-03-10,TSSAds,2,Test - New Traffic Ad set with recommended settings,1,0.010022,2,2,0,0,,5.011111,0,,"[{""action_type"":""page_engagement"",""value"":""2""},{""action_type"":""post_engagement"",""value"":""2""},{""action_type"":""video_view"",""value"":""2""}]","[{""action_type"":""video_view"",""value"":""0.005011""},{""action_type"":""post_engagement"",""value"":""0.005011""},{""action_type"":""page_engagement"",""value"":""0.005011""}]",Montana,,,,,,,,2.0,,2.0,,,2.0,,,,0.005011,0.005011,,0.005011
2026-03-10,2026-03-10,TSSAds,2,Test - New Traffic Ad set with recommended settings,1,0.350778,31,31,6,19.354839,0.058463,11.315412,0,,"[{""action_type"":""link_click"",""value"":""6""},{""action_type"":""page_engagement"",""value"":""20""},{""action_type"":""post_engagement"",""value"":""20""},{""action_type"":""post_interaction_gross"",""value"":""3""},{""action_type"":""post"",""value"":""1""},{""action_type"":""onsite_conversion.post_net_like"",""value"":""2""},{""action_type"":""video_view"",""value"":""11""},{""action_type"":""post_reaction"",""value"":""2""}]","[{""action_type"":""video_view"",""value"":""0.031889""},{""action_type"":""link_click"",""value"":""0.058463""},{""action_type"":""post_interaction_gross"",""value"":""0.116926""},{""action_type"":""post_engagement"",""value"":""0.017539""},{""action_type"":""page_engagement"",""value"":""0.017539""}]",Nevada,6.0,,2.0,,,,,20.0,1.0,20.0,3.0,2.0,11.0,0.058463,,,0.017539,0.017539,0.116926,0.031889
2026-03-10,2026-03-10,TSSAds,2,Test - New Traffic Ad set with recommended settings,1,0.030067,9,9,2,22.222222,0.015033,3.340741,0,,"[{""action_type"":""link_click"",""value"":""2""},{""action_type"":""page_engagement"",""value"":""6""},{""action_type"":""post_engagement"",""value"":""6""},{""action_type"":""video_view"",""value"":""4""}]","[{""action_type"":""video_view"",""value"":""0.007517""},{""action_type"":""link_click"",""value"":""0.015033""},{""action_type"":""post_engagement"",""value"":""0.005011""},{""action_type"":""page_engagement"",""value"":""0.005011""}]",New Jersey,2.0,,,,,,,6.0,,6.0,,,4.0,0.015033,,,0.005011,0.005011,,0.007517
2026-03-10,2026-03-10,TSSAds,2,Test - New Traffic Ad set with recommended settings,1,0,3,3,0,0,,0,0,,[],[],New Mexico,,,,,,,,,,,,,,,,,,,,
2026-03-10,2026-03-10,TSSAds,2,Test - New Traffic Ad set with recommended settings,1,0.0902,10,10,4,40,0.02255,9.02,0,,"[{""action_type"":""link_click"",""value"":""4""},{""action_type"":""page_engagement"",""value"":""9""},{""action_type"":""post_engagement"",""value"":""9""},{""action_type"":""post_interaction_gross"",""value"":""1""},{""action_type"":""post"",""value"":""1""},{""action_type"":""video_view"",""value"":""4""}]","[{""action_type"":""video_view"",""value"":""0.02255""},{""action_type"":""link_click"",""value"":""0.02255""},{""action_type"":""post_interaction_gross"",""value"":""0.0902""},{""action_type"":""post_engagement"",""value"":""0.010022""},{""action_type"":""page_engagement"",""value"":""0.010022""}]",New York,4.0,,,,,,,9.0,1.0,9.0,1.0,,4.0,0.02255,,,0.010022,0.010022,0.0902,0.02255
2026-03-10,2026-03-10,TSSAds,2,Test - New Traffic Ad set with recommended settings,1,0.030067,10,10,0,0,,3.006667,0,,"[{""action_type"":""page_engagement"",""value"":""3""},{""action_type"":""post_engagement"",""value"":""3""},{""action_type"":""video_view"",""value"":""3""}]","[{""action_type"":""video_view"",""value"":""0.010022""},{""action_type"":""post_engagement"",""value"":""0.010022""},{""action_type"":""page_engagement"",""value"":""0.010022""}]",North Carolina,,,,,,,,3.0,,3.0,,,3.0,,,,0.010022,0.010022,,0.010022
2026-03-10,2026-03-10,TSSAds,2,Test - New Traffic Ad set with recommended settings,1,0.100222,14,14,1,7.142857,0.100222,7.15873,0,,"[{""action_type"":""link_click"",""value"":""1""},{""action_type"":""page_engagement"",""value"":""7""},{""action_type"":""post_engagement"",""value"":""7""},{""action_type"":""video_view"",""value"":""6""}]","[{""action_type"":""video_view"",""value"":""0.016704""},{""action_type"":""link_click"",""value"":""0.100222""},{""action_type"":""post_engagement"",""value"":""0.014317""},{""action_type"":""page_engagement"",""value"":""0.014317""}]",Ohio,1.0,,,,,,,7.0,,7.0,,,6.0,0.100222,,,0.014317,0.014317,,0.016704
2026-03-10,2026-03-10,TSSAds,2,Test - New Traffic Ad set with recommended settings,1,0.060133,6,6,1,16.666667,0.060133,10.022222,0,,"[{""action_type"":""link_click"",""value"":""1""},{""action_type"":""page_engagement"",""value"":""5""},{""action_type"":""post_engagement"",""value"":""5""},{""action_type"":""video_view"",""value"":""4""}]","[{""action_type"":""video_view"",""value"":""0.015033""},{""action_type"":""link_click"",""value"":""0.060133""},{""action_type"":""post_engagement"",""value"":""0.012027""},{""action_type"":""page_engagement"",""value"":""0.012027""}]",Oklahoma,1.0,,,,,,,5.0,,5.0,,,4.0,0.060133,,,0.012027,0.012027,,0.015033
2026-03-10,2026-03-10,TSSAds,2,Test - New Traffic Ad set with recommended settings,1,0.040089,10,10,1,10,0.040089,4.008889,0,,"[{""action_type"":""link_click"",""value"":""1""},{""action_type"":""page_engagement"",""value"":""5""},{""action_type"":""post_engagement"",""value"":""5""},{""action_type"":""post_interaction_gross"",""value"":""1""},{""action_type"":""onsite_conversion.post_net_like"",""value"":""1""},{""action_type"":""video_view"",""value"":""3""},{""action_type"":""post_reaction"",""value"":""1""}]","[{""action_type"":""video_view"",""value"":""0.013363""},{""action_type"":""link_click"",""value"":""0.040089""},{""action_type"":""post_interaction_gross"",""value"":""0.040089""},{""action_type"":""post_engagement"",""value"":""0.008018""},{""action_type"":""page_engagement"",""value"":""0.008018""}]",Oregon,1.0,,1.0,,,,,5.0,,5.0,1.0,1.0,3.0,0.040089,,,0.008018,0.008018,0.040089,0.013363
2026-03-10,2026-03-10,TSSAds,2,Test - New Traffic Ad set with recommended settings,1,0.060133,8,8,1,12.5,0.060133,7.516667,0,,"[{""action_type"":""link_click"",""value"":""1""},{""action_type"":""page_engagement"",""value"":""5""},{""action_type"":""post_engagement"",""value"":""5""},{""action_type"":""post_interaction_gross"",""value"":""1""},{""action_type"":""onsite_conversion.post_net_like"",""value"":""1""},{""action_type"":""video_view"",""value"":""3""},{""action_type"":""post_reaction"",""value"":""1""}]","[{""action_type"":""video_view"",""value"":""0.020044""},{""action_type"":""link_click"",""value"":""0.060133""},{""action_type"":""post_interaction_gross"",""value"":""0.060133""},{""action_type"":""post_engagement"",""value"":""0.012027""},{""action_type"":""page_engagement"",""value"":""0.012027""}]",Pennsylvania,1.0,,1.0,,,,,5.0,,5.0,1.0,1.0,3.0,0.060133,,,0.012027,0.012027,0.060133,0.020044
2026-03-10,2026-03-10,TSSAds,2,Test - New Traffic Ad set with recommended settings,1,0.010022,2,2,0,0,,5.011111,0,,"[{""action_type"":""page_engagement"",""value"":""1""},{""action_type"":""post_engagement"",""value"":""1""},{""action_type"":""video_view"",""value"":""1""}]","[{""action_type"":""video_view"",""value"":""0.010022""},{""action_type"":""post_engagement"",""value"":""0.010022""},{""action_type"":""page_engagement"",""value"":""0.010022""}]",Rhode Island,,,,,,,,1.0,,1.0,,,1.0,,,,0.010022,0.010022,,0.010022
2026-03-10,2026-03-10,TSSAds,2,Test - New Traffic Ad set with recommended settings,1,0.010022,1,1,0,0,,10.022222,0,,[],[],South Carolina,,,,,,,,,,,,,,,,,,,,
2026-03-10,2026-03-10,TSSAds,2,Test - New Traffic Ad set with recommended settings,1,0.040089,4,4,2,50,0.020044,10.022222,0,,"[{""action_type"":""link_click"",""value"":""2""},{""action_type"":""page_engagement"",""value"":""5""},{""action_type"":""post_engagement"",""value"":""5""},{""action_type"":""video_view"",""value"":""3""}]","[{""action_type"":""video_view"",""value"":""0.013363""},{""action_type"":""link_click"",""value"":""0.020044""},{""action_type"":""post_engagement"",""value"":""0.008018""},{""action_type"":""page_engagement"",""value"":""0.008018""}]",Tennessee,2.0,,,,,,,5.0,,5.0,,,3.0,0.020044,,,0.008018,0.008018,,0.013363
2026-03-10,2026-03-10,TSSAds,2,Test - New Traffic Ad set with recommended settings,1,0.370822,54,52,6,11.111111,0.061804,6.867078,0,,"[{""action_type"":""link_click"",""value"":""6""},{""action_type"":""page_engagement"",""value"":""35""},{""action_type"":""post_engagement"",""value"":""35""},{""action_type"":""post_interaction_gross"",""value"":""5""},{""action_type"":""post"",""value"":""1""},{""action_type"":""onsite_conversion.post_net_like"",""value"":""4""},{""action_type"":""video_view"",""value"":""24""},{""action_type"":""post_reaction"",""value"":""4""}]","[{""action_type"":""video_view"",""value"":""0.015451""},{""action_type"":""link_click"",""value"":""0.061804""},{""action_type"":""post_interaction_gross"",""value"":""0.074164""},{""action_type"":""post_engagement"",""value"":""0.010595""},{""action_type"":""page_engagement"",""value"":""0.010595""}]",Texas,6.0,,4.0,,,,,35.0,1.0,35.0,5.0,4.0,24.0,0.061804,,,0.010595,0.010595,0.074164,0.015451
2026-03-10,2026-03-10,TSSAds,2,Test - New Traffic Ad set with recommended settings,1,0.030067,6,6,0,0,,5.011111,0,,"[{""action_type"":""page_engagement"",""value"":""2""},{""action_type"":""post_engagement"",""value"":""2""},{""action_type"":""video_view"",""value"":""2""}]","[{""action_type"":""video_view"",""value"":""0.015033""},{""action_type"":""post_engagement"",""value"":""0.015033""},{""action_type"":""page_engagement"",""value"":""0.015033""}]",Utah,,,,,,,,2.0,,2.0,,,2.0,,,,0.015033,0.015033,,0.015033
2026-03-10,2026-03-10,TSSAds,2,Test - New Traffic Ad set with recommended settings,1,0.110244,17,16,1,5.882353,0.110244,6.484967,0,,"[{""action_type"":""link_click"",""value"":""1""},{""action_type"":""page_engagement"",""value"":""8""},{""action_type"":""post_engagement"",""value"":""8""},{""action_type"":""video_view"",""value"":""7""}]","[{""action_type"":""video_view"",""value"":""0.015749""},{""action_type"":""link_click"",""value"":""0.110244""},{""action_type"":""post_engagement"",""value"":""0.013781""},{""action_type"":""page_engagement"",""value"":""0.013781""}]",Virginia,1.0,,,,,,,8.0,,8.0,,,7.0,0.110244,,,0.013781,0.013781,,0.015749
2026-03-10,2026-03-10,TSSAds,2,Test - New Traffic Ad set with recommended settings,1,0.130289,21,20,1,4.761905,0.130289,6.204233,0,,"[{""action_type"":""link_click"",""value"":""1""},{""action_type"":""page_engagement"",""value"":""12""},{""action_type"":""post_engagement"",""value"":""12""},{""action_type"":""post_interaction_gross"",""value"":""2""},{""action_type"":""post"",""value"":""1""},{""action_type"":""onsite_conversion.post_net_like"",""value"":""1""},{""action_type"":""video_view"",""value"":""9""},{""action_type"":""post_reaction"",""value"":""1""}]","[{""action_type"":""video_view"",""value"":""0.014477""},{""action_type"":""link_click"",""value"":""0.130289""},{""action_type"":""post_interaction_gross"",""value"":""0.065144""},{""action_type"":""post_engagement"",""value"":""0.010857""},{""action_type"":""page_engagement"",""value"":""0.010857""}]",Washington,1.0,,1.0,,,,,12.0,1.0,12.0,2.0,1.0,9.0,0.130289,,,0.010857,0.010857,0.065144,0.014477
2026-03-10,2026-03-10,TSSAds,2,Test - New Traffic Ad set with recommended settings,1,0.010022,1,1,0,0,,10.022222,0,,[],[],Wisconsin,,,,,,,,,,,,,,,,,,,,
